dst_timestamp,data,timestamp
2023-02-01 06:16:37.967,"[31, 2, 2, 0, 8191, 0, 0, 0, 0, 197, 1, 1]",
2023-02-01 06:16:38.977,"[31, 2, 2, 0, 8191, 0, 0, 0, 0, 197, 1, 1]",
2023-02-01 06:16:39.996,"[31, 2, 2, 0, 8191, 0, 0, 0, 0, 197, 1, 1]",
2023-02-01 06:16:41.993,"[31, 2, 2, 0, 8191, 0, 0, 0, 0, 197, 1, 1]",
2023-02-01 06:16:43.002,"[31, 2, 2, 0, 8191, 0, 0, 0, 0, 197, 1, 1]",
2023-02-01 06:16:44.019,"[31, 2, 2, 0, 8191, 0, 0, 0, 0, 197, 1, 1]",
2023-02-01 06:16:45.022,"[31, 2, 2, 0, 8191, 0, 0, 0, 0, 197, 1, 1]",
2023-02-01 06:16:46.036,"[31, 2, 2, 0, 8191, 0, 0, 0, 0, 197, 1, 1]",
2023-02-01 06:16:47.052,"[31, 2, 2, 0, 8191, 0, 0, 0, 0, 197, 1, 1]",
2023-02-01 06:16:48.054,"[31, 2, 2, 0, 8191, 0, 0, 0, 0, 197, 1, 1]",
2023-02-01 06:16:49.084,"[31, 2, 2, 0, 8191, 0, 0, 0, 0, 197, 1, 1]",
2023-02-01 06:16:51.077,"[31, 2, 2, 0, 8191, 0, 0, 0, 0, 197, 1, 1]",
2023-02-01 06:16:52.094,"[31, 2, 2, 0, 8191, 0, 0, 0, 0, 197, 1, 1]",
2023-02-01 06:16:53.099,"[31, 2, 2, 0, 8191, 0, 0, 0, 0, 197, 1, 1]",
2023-02-01 06:16:54.119,"[31, 2, 2, 0, 8191, 0, 0, 0, 0, 197, 1, 1]",
2023-02-01 06:16:55.153,"[31, 2, 2, 0, 8191, 0, 0, 0, 0, 197, 1, 1]",
2023-02-01 06:16:56.164,"[31, 2, 2, 0, 8191, 0, 0, 0, 0, 197, 1, 1]",
2023-02-01 06:16:58.151,"[31, 2, 2, 0, 8191, 0, 0, 0, 0, 197, 1, 1]",
2023-02-01 06:16:59.159,"[31, 2, 2, 0, 8191, 0, 0, 0, 0, 197, 1, 1]",
2023-02-01 06:17:01.185,"[31, 2, 2, 0, 8191, 0, 0, 0, 0, 197, 1, 1]",
2023-02-01 06:17:02.208,"[31, 2, 2, 0, 8191, 0, 0, 0, 0, 197, 1, 1]",
2023-02-01 06:17:04.199,"[31, 2, 2, 0, 8191, 0, 0, 0, 0, 197, 1, 1]",
2023-02-01 06:17:06.197,"[31, 2, 2, 0, 8191, 0, 0, 0, 0, 197, 1, 1]",
2023-02-01 06:17:08.221,"[31, 2, 2, 0, 8191, 0, 0, 0, 0, 197, 1, 1]",
2023-02-01 06:17:09.247,"[31, 2, 2, 0, 8191, 0, 0, 0, 0, 197, 1, 1]",
2023-02-01 06:17:10.251,"[31, 2, 2, 0, 8191, 0, 0, 0, 0, 197, 1, 1]",
2023-02-01 06:17:12.302,"[31, 2, 2, 0, 8191, 0, 0, 0, 0, 197, 1, 1]",
2023-02-01 06:17:14.282,"[31, 2, 2, 0, 8191, 0, 0, 0, 0, 197, 1, 1]",
2023-02-01 06:17:15.284,"[31, 2, 2, 0, 8191, 0, 0, 0, 0, 197, 1, 1]",
2023-02-01 06:17:16.302,"[31, 2, 2, 0, 8191, 0, 0, 0, 0, 197, 1, 1]",
2023-02-01 06:17:18.327,"[31, 2, 2, 0, 8191, 0, 0, 0, 0, 197, 1, 1]",
2023-02-01 06:17:19.338,"[31, 2, 2, 0, 8191, 0, 0, 0, 0, 197, 1, 1]",
2023-02-01 06:17:21.374,"[31, 2, 2, 0, 8191, 0, 0, 0, 0, 197, 1, 1]",
2023-02-01 06:17:22.373,"[31, 2, 2, 0, 8191, 0, 0, 0, 0, 197, 1, 1]",
2023-02-01 06:17:23.382,"[31, 2, 2, 0, 8191, 0, 0, 0, 0, 197, 1, 1]",
2023-02-01 06:17:25.370,"[31, 2, 2, 0, 8191, 0, 0, 0, 0, 197, 1, 1]",
2023-02-01 06:17:26.387,"[31, 2, 2, 0, 8191, 0, 0, 0, 0, 197, 1, 1]",
2023-02-01 06:17:27.437,"[31, 2, 2, 0, 8191, 0, 0, 0, 0, 197, 1, 1]",
2023-02-01 06:17:29.435,"[31, 2, 2, 0, 8191, 0, 0, 0, 0, 197, 1, 1]",
2023-02-01 06:17:30.437,"[31, 2, 2, 0, 8191, 0, 0, 0, 0, 197, 1, 1]",
2023-02-01 06:17:31.446,"[31, 2, 2, 0, 8191, 0, 0, 0, 0, 197, 1, 1]",
2023-02-01 06:17:33.495,"[31, 2, 2, 0, 8191, 0, 0, 0, 0, 197, 1, 1]",
2023-02-01 06:17:35.459,"[31, 2, 2, 0, 8191, 0, 0, 0, 0, 197, 1, 1]",
2023-02-01 06:17:36.518,"[31, 2, 2, 0, 8191, 0, 0, 0, 0, 197, 1, 1]",
2023-02-01 06:17:38.494,"[31, 2, 2, 0, 8191, 0, 0, 0, 0, 197, 1, 1]",
2023-02-01 06:17:39.521,"[31, 2, 2, 0, 8191, 0, 0, 0, 0, 197, 1, 1]",
2023-02-01 06:17:41.515,"[31, 2, 2, 0, 8191, 0, 0, 0, 0, 197, 1, 1]",
2023-02-01 06:17:42.522,"[31, 2, 2, 0, 8191, 0, 0, 0, 0, 197, 1, 1]",
2023-02-01 06:17:43.542,"[31, 2, 2, 0, 8191, 0, 0, 0, 0, 197, 1, 1]",
2023-02-01 06:17:44.540,"[31, 2, 2, 0, 8191, 0, 0, 0, 0, 197, 1, 1]",
2023-02-01 06:17:45.577,"[31, 2, 2, 0, 8191, 0, 0, 0, 0, 197, 1, 1]",
2023-02-01 06:17:47.582,"[31, 2, 2, 0, 8191, 0, 0, 0, 0, 197, 1, 1]",
2023-02-01 06:17:48.583,"[31, 2, 2, 0, 8191, 0, 0, 0, 0, 197, 1, 1]",
2023-02-01 06:17:49.585,"[31, 2, 2, 0, 8191, 0, 0, 0, 0, 197, 1, 1]",
2023-02-01 06:17:50.590,"[31, 2, 2, 0, 8191, 0, 0, 0, 0, 197, 1, 1]",
2023-02-01 06:17:51.604,"[31, 2, 2, 0, 8191, 0, 0, 0, 0, 197, 1, 1]",
2023-02-01 06:17:52.634,"[31, 2, 2, 0, 8191, 0, 0, 0, 0, 197, 1, 1]",
2023-02-01 06:17:54.638,"[31, 2, 2, 0, 8191, 0, 0, 0, 0, 197, 1, 1]",
2023-02-01 06:17:55.654,"[31, 2, 2, 0, 8191, 0, 0, 0, 0, 197, 1, 1]",
2023-02-01 06:17:57.670,"[31, 2, 2, 0, 8191, 0, 0, 0, 0, 197, 1, 1]",
2023-02-01 06:17:58.687,"[31, 2, 2, 0, 8191, 0, 0, 0, 0, 197, 1, 1]",
2023-02-01 06:17:59.688,"[31, 2, 2, 0, 8191, 0, 0, 0, 0, 197, 1, 1]",
2023-02-01 06:18:00.700,"[31, 2, 2, 0, 8191, 0, 0, 0, 0, 197, 1, 1]",
2023-02-01 06:18:02.705,"[31, 2, 2, 0, 8191, 0, 0, 0, 0, 197, 1, 1]",
2023-02-01 06:18:03.725,"[31, 2, 2, 0, 8191, 0, 0, 0, 0, 197, 1, 1]",
2023-02-01 06:18:05.740,"[31, 2, 2, 0, 8191, 0, 0, 0, 0, 197, 1, 1]",
2023-02-01 06:18:07.764,"[31, 2, 2, 0, 8191, 0, 0, 0, 0, 197, 1, 1]",
2023-02-01 06:18:09.784,"[31, 2, 2, 0, 8191, 0, 0, 0, 0, 197, 1, 1]",
2023-02-01 06:18:10.784,"[31, 2, 2, 0, 8191, 0, 0, 0, 0, 197, 1, 1]",
2023-02-01 06:18:11.810,"[31, 2, 2, 0, 8191, 0, 0, 0, 0, 197, 1, 1]",
2023-02-01 06:18:12.815,"[31, 2, 2, 0, 8191, 0, 0, 0, 0, 197, 1, 1]",
2023-02-01 06:18:13.822,"[31, 2, 2, 0, 8191, 0, 0, 0, 0, 197, 1, 1]",
2023-02-01 06:18:15.841,"[20, 2, 2, 0, 8191, 2, 0, 0, 2, 197, 1, 1]",
2023-02-01 06:18:16.981,"[20, 2, 2, 0, 8191, 1, 0, 0, 2, 197, 1, 1]",
2023-02-01 06:18:18.851,"[20, 2, 2, 0, 8191, 1, 0, 0, 2, 197, 1, 1]",
2023-02-01 06:18:19.875,"[20, 2, 2, 0, 8191, 1, 0, 0, 2, 197, 1, 1]",
2023-02-01 06:18:20.909,"[20, 2, 2, 0, 8191, 1, 0, 0, 2, 197, 1, 1]",
2023-02-01 06:18:21.925,"[20, 2, 2, 0, 8191, 1, 0, 0, 2, 197, 1, 1]",
2023-02-01 06:18:22.928,"[20, 2, 2, 0, 8191, 1, 0, 0, 2, 197, 1, 1]",
2023-02-01 06:18:24.907,"[20, 2, 2, 0, 8191, 1, 0, 0, 2, 197, 1, 1]",
2023-02-01 06:18:25.921,"[20, 2, 2, 0, 8191, 1, 0, 0, 2, 197, 1, 1]",
2023-02-01 06:18:26.930,"[20, 2, 2, 0, 8191, 1, 0, 0, 2, 197, 1, 1]",
2023-02-01 06:18:27.955,"[20, 2, 2, 0, 8191, 1, 0, 0, 2, 197, 1, 1]",
2023-02-01 06:18:28.992,"[20, 2, 2, 0, 8191, 1, 0, 0, 2, 197, 1, 1]",
2023-02-01 06:18:30.986,"[20, 2, 2, 0, 8191, 1, 0, 0, 2, 197, 1, 1]",
2023-02-01 06:18:31.995,"[20, 2, 2, 0, 8191, 1, 0, 0, 2, 197, 1, 1]",
2023-02-01 06:18:33.988,"[20, 2, 2, 0, 8191, 1, 0, 0, 2, 197, 1, 1]",
2023-02-01 06:18:35.017,"[20, 2, 2, 0, 8191, 1, 0, 0, 2, 197, 1, 1]",
2023-02-01 06:18:36.031,"[20, 2, 2, 0, 8191, 1, 0, 0, 2, 197, 1, 1]",
2023-02-01 06:18:38.042,"[20, 2, 2, 0, 8191, 1, 0, 0, 2, 197, 1, 1]",
2023-02-01 06:18:39.056,"[20, 2, 2, 0, 8191, 1, 0, 0, 2, 197, 1, 1]",
2023-02-01 06:18:40.075,"[20, 2, 2, 0, 8191, 1, 0, 0, 2, 197, 1, 1]",
2023-02-01 06:18:42.084,"[20, 2, 2, 0, 8191, 1, 0, 0, 2, 197, 1, 1]",
2023-02-01 06:18:44.084,"[20, 2, 2, 0, 8191, 1, 0, 0, 2, 197, 1, 1]",
2023-02-01 06:18:45.098,"[20, 2, 2, 0, 8191, 1, 0, 0, 2, 197, 1, 1]",
2023-02-01 06:18:46.137,"[20, 2, 2, 0, 8191, 1, 0, 0, 2, 197, 1, 1]",
2023-02-01 06:18:48.125,"[20, 2, 2, 0, 8191, 1, 0, 0, 2, 197, 1, 1]",
2023-02-01 06:18:49.121,"[20, 2, 2, 0, 8191, 1, 0, 0, 2, 197, 1, 1]",
2023-02-01 06:18:50.132,"[20, 2, 2, 0, 8191, 1, 0, 0, 2, 197, 1, 1]",
2023-02-01 06:18:51.175,"[20, 2, 2, 0, 8191, 1, 0, 0, 2, 197, 1, 1]",
2023-02-01 06:18:52.193,"[20, 2, 2, 0, 8191, 1, 0, 0, 2, 197, 1, 1]",
2023-02-01 06:18:54.196,"[20, 2, 2, 0, 8191, 1, 0, 0, 2, 197, 1, 1]",
2023-02-01 06:18:56.191,"[20, 2, 2, 0, 8191, 1, 0, 0, 2, 197, 1, 1]",
2023-02-01 06:18:57.209,"[20, 2, 2, 0, 8191, 1, 0, 0, 2, 197, 1, 1]",
2023-02-01 06:22:43.086,"[24, 2, 2, 0, 8191, 2, 0, 0, 2, 197, 1, 1]",
2023-02-01 06:22:44.075,"[24, 2, 2, 0, 8191, 2, 0, 0, 2, 197, 1, 1]",
2023-02-01 06:22:46.106,"[24, 2, 2, 0, 8191, 2, 0, 0, 2, 197, 1, 1]",
2023-02-01 06:22:48.125,"[24, 2, 2, 0, 8191, 2, 0, 0, 2, 197, 1, 1]",
2023-02-01 06:22:50.121,"[24, 2, 2, 0, 8191, 2, 0, 0, 2, 197, 1, 1]",
2023-02-01 06:22:51.128,"[24, 2, 2, 0, 8191, 2, 0, 0, 2, 197, 1, 1]",
2023-02-01 06:22:53.152,"[24, 2, 2, 0, 8191, 2, 0, 0, 2, 197, 1, 1]",
2023-02-01 06:22:54.158,"[24, 2, 2, 0, 8191, 2, 0, 0, 2, 197, 1, 1]",
2023-02-01 06:22:55.164,"[24, 2, 2, 0, 8191, 2, 0, 0, 2, 197, 1, 1]",
2023-02-01 06:22:56.186,"[24, 2, 2, 0, 8191, 2, 0, 0, 2, 197, 1, 1]",
2023-02-01 06:22:58.200,"[24, 2, 2, 0, 8191, 2, 0, 0, 2, 197, 1, 1]",
2023-02-01 06:22:59.222,"[20, 2, 2, 0, 8191, 2, 0, 0, 2, 197, 1, 1]",
2023-02-01 06:23:00.221,"[20, 2, 2, 0, 8191, 2, 0, 0, 2, 197, 1, 1]",
2023-02-01 06:23:01.222,"[20, 2, 2, 0, 8191, 2, 0, 0, 2, 197, 1, 1]",
2023-02-01 06:23:02.245,"[20, 2, 2, 0, 8191, 2, 0, 0, 2, 197, 1, 1]",
2023-02-01 06:23:04.238,"[20, 2, 2, 0, 8191, 2, 0, 0, 2, 197, 1, 1]",
2023-02-01 06:23:06.257,"[20, 2, 2, 0, 8191, 2, 0, 0, 2, 197, 1, 1]",
2023-02-01 06:23:07.261,"[20, 2, 2, 0, 8191, 2, 0, 0, 2, 197, 1, 1]",
2023-02-01 06:23:08.284,"[20, 2, 2, 0, 8191, 2, 0, 0, 2, 197, 1, 1]",
2023-02-01 06:23:10.273,"[20, 2, 2, 0, 8191, 2, 0, 0, 2, 197, 1, 1]",
2023-02-01 06:23:11.286,"[20, 2, 2, 0, 8191, 2, 0, 0, 2, 197, 1, 1]",
2023-02-01 06:23:12.306,"[20, 2, 2, 0, 8191, 2, 0, 0, 2, 197, 1, 1]",
2023-02-01 06:23:14.327,"[20, 2, 2, 0, 8191, 2, 0, 0, 2, 197, 1, 1]",
2023-02-01 06:23:15.317,"[20, 2, 2, 0, 8191, 2, 0, 0, 2, 197, 1, 1]",
2023-02-01 06:23:16.324,"[20, 2, 2, 0, 8191, 2, 0, 0, 2, 197, 1, 1]",
2023-02-01 06:23:17.339,"[20, 2, 2, 0, 8191, 2, 0, 0, 2, 197, 1, 1]",
2023-02-01 06:23:19.338,"[20, 2, 2, 0, 8191, 2, 0, 0, 2, 197, 1, 1]",
2023-02-01 06:23:20.353,"[20, 2, 2, 0, 8191, 2, 0, 0, 2, 197, 1, 1]",
2023-02-01 06:23:21.355,"[20, 2, 2, 0, 8191, 2, 0, 0, 2, 197, 1, 1]",
2023-02-01 06:23:22.369,"[20, 2, 2, 0, 8191, 2, 0, 0, 2, 197, 1, 1]",
2023-02-01 06:23:23.429,"[20, 2, 2, 0, 8191, 2, 0, 0, 2, 197, 1, 1]",
2023-02-01 06:23:25.383,"[20, 2, 2, 0, 8191, 2, 0, 0, 2, 197, 1, 1]",
2023-02-01 06:23:26.394,"[20, 2, 2, 0, 8191, 2, 0, 0, 2, 197, 1, 1]",
2023-02-01 06:23:27.416,"[20, 2, 2, 0, 8191, 2, 0, 0, 2, 197, 1, 1]",
2023-02-01 06:23:28.416,"[20, 2, 2, 0, 8191, 2, 0, 0, 2, 197, 1, 1]",
2023-02-01 06:23:29.430,"[20, 2, 2, 0, 8191, 2, 0, 0, 2, 197, 1, 1]",
2023-02-01 06:23:30.449,"[20, 2, 2, 0, 8191, 2, 0, 0, 2, 197, 1, 1]",
2023-02-01 06:23:32.453,"[20, 2, 2, 0, 8191, 2, 0, 0, 2, 197, 1, 1]",
2023-02-01 06:23:33.464,"[20, 2, 2, 0, 8191, 2, 0, 0, 2, 197, 1, 1]",
2023-02-01 06:23:34.481,"[20, 2, 2, 0, 8191, 2, 0, 0, 2, 197, 1, 1]",
2023-02-01 06:23:35.488,"[20, 2, 2, 0, 8191, 2, 0, 0, 2, 197, 1, 1]",
2023-02-01 06:23:36.489,"[20, 2, 2, 0, 8191, 2, 0, 0, 2, 197, 1, 1]",
2023-02-01 06:23:37.499,"[20, 2, 2, 0, 8191, 2, 0, 0, 2, 197, 1, 1]",
2023-02-01 06:23:38.514,"[20, 2, 2, 0, 8191, 2, 0, 0, 2, 197, 1, 1]",
2023-02-01 06:23:39.533,"[20, 2, 2, 0, 8191, 2, 0, 0, 2, 197, 1, 1]",
2023-02-01 06:23:41.528,"[20, 2, 2, 0, 8191, 2, 0, 0, 2, 197, 1, 1]",
2023-02-01 06:23:43.538,"[20, 2, 2, 0, 8191, 2, 0, 0, 2, 197, 1, 1]",
2023-02-01 06:23:44.551,"[20, 2, 2, 0, 8191, 2, 0, 0, 2, 197, 1, 1]",
2023-02-01 06:23:45.553,"[20, 2, 2, 0, 8191, 2, 0, 0, 2, 197, 1, 1]",
2023-02-01 06:23:47.571,"[20, 2, 2, 0, 8191, 2, 0, 0, 2, 197, 1, 1]",
2023-02-01 06:23:48.610,"[20, 2, 2, 0, 8191, 2, 0, 0, 2, 197, 1, 1]",
2023-02-01 06:23:50.595,"[20, 2, 2, 0, 8191, 2, 0, 0, 2, 197, 1, 1]",
2023-02-01 06:23:52.623,"[20, 2, 2, 0, 8191, 2, 0, 0, 2, 197, 1, 1]",
2023-02-01 06:23:54.633,"[20, 2, 2, 0, 8191, 2, 0, 0, 2, 197, 1, 1]",
2023-02-01 06:23:55.644,"[20, 2, 2, 0, 8191, 2, 0, 0, 2, 197, 1, 1]",
2023-02-01 06:23:56.660,"[20, 2, 2, 0, 8191, 2, 0, 0, 2, 197, 1, 1]",
2023-02-01 06:23:57.671,"[20, 2, 2, 0, 8191, 2, 0, 0, 2, 197, 1, 1]",
2023-02-01 06:23:59.685,"[20, 2, 2, 0, 8191, 2, 0, 0, 2, 197, 1, 1]",
2023-02-01 06:24:00.703,"[20, 2, 2, 0, 8191, 2, 0, 0, 2, 197, 1, 1]",
2023-02-01 06:24:01.715,"[20, 2, 2, 0, 8191, 2, 0, 0, 2, 197, 1, 1]",
2023-02-01 06:24:03.721,"[20, 2, 2, 0, 8191, 2, 0, 0, 2, 197, 1, 1]",
2023-02-01 06:24:04.726,"[20, 2, 2, 0, 8191, 2, 0, 0, 2, 197, 1, 1]",
2023-02-01 06:24:06.761,"[20, 2, 2, 0, 8191, 2, 0, 0, 2, 197, 1, 1]",
2023-02-01 06:24:08.751,"[20, 2, 2, 0, 8191, 2, 0, 0, 2, 197, 1, 1]",
2023-02-01 06:24:09.752,"[20, 2, 2, 0, 8191, 2, 0, 0, 2, 197, 1, 1]",
2023-02-01 06:24:10.769,"[20, 2, 2, 0, 8191, 2, 0, 0, 2, 197, 1, 1]",
2023-02-01 06:24:12.772,"[20, 2, 2, 0, 8191, 2, 0, 0, 2, 197, 1, 1]",
2023-02-01 06:24:13.798,"[20, 2, 2, 0, 8191, 2, 0, 0, 2, 197, 1, 1]",
2023-02-01 06:24:14.802,"[20, 2, 2, 0, 8191, 2, 0, 0, 2, 197, 1, 1]",
2023-02-01 06:24:16.806,"[20, 2, 2, 0, 8191, 2, 0, 0, 2, 197, 1, 1]",
2023-02-01 06:24:17.841,"[20, 2, 2, 0, 8191, 2, 0, 0, 2, 197, 1, 1]",
2023-02-01 06:24:18.858,"[20, 2, 2, 0, 8191, 2, 0, 0, 2, 197, 1, 1]",
2023-02-01 06:24:20.842,"[20, 2, 2, 0, 8191, 2, 0, 0, 2, 197, 1, 1]",
2023-02-01 06:24:21.837,"[20, 2, 2, 0, 8191, 2, 0, 0, 2, 197, 1, 1]",
2023-02-01 06:24:22.854,"[20, 2, 2, 0, 8191, 2, 0, 0, 2, 197, 1, 1]",
2023-02-01 06:24:23.880,"[20, 2, 2, 0, 8191, 2, 0, 0, 2, 197, 1, 1]",
2023-02-01 06:24:24.902,"[20, 2, 2, 0, 8191, 2, 0, 0, 2, 197, 1, 1]",
2023-02-01 06:24:26.890,"[20, 2, 2, 0, 8191, 2, 0, 0, 2, 197, 1, 1]",
2023-02-01 06:24:27.913,"[20, 2, 2, 0, 8191, 2, 0, 0, 2, 197, 1, 1]",
2023-02-01 06:24:29.925,"[20, 2, 2, 0, 8191, 2, 0, 0, 2, 197, 1, 1]",
2023-02-01 06:24:31.934,"[20, 2, 2, 0, 8191, 2, 0, 0, 2, 197, 1, 1]",
2023-02-01 06:24:32.959,"[20, 2, 2, 0, 8191, 2, 0, 0, 2, 197, 1, 1]",
2023-02-01 06:24:33.962,"[20, 2, 2, 0, 8191, 2, 0, 0, 2, 197, 1, 1]",
2023-02-01 06:24:34.971,"[20, 2, 2, 0, 8191, 2, 0, 0, 2, 197, 1, 1]",
2023-02-01 06:24:36.986,"[20, 2, 2, 0, 8191, 2, 0, 0, 2, 197, 1, 1]",
2023-02-01 06:24:38.005,"[20, 2, 2, 0, 8191, 2, 0, 0, 2, 197, 1, 1]",
2023-02-01 06:24:40.001,"[20, 2, 2, 0, 8191, 2, 0, 0, 2, 197, 1, 1]",
2023-02-01 06:24:42.009,"[20, 2, 2, 0, 8191, 2, 0, 0, 2, 197, 1, 1]",
2023-02-01 06:24:43.022,"[20, 2, 2, 0, 8191, 2, 0, 0, 2, 197, 1, 1]",
2023-02-01 06:24:44.032,"[20, 2, 2, 0, 8191, 2, 0, 0, 2, 197, 1, 1]",
2023-02-01 06:24:45.055,"[20, 2, 2, 0, 8191, 2, 0, 0, 2, 197, 1, 1]",
2023-02-01 06:24:46.077,"[20, 2, 2, 0, 8191, 2, 0, 0, 2, 197, 1, 1]",
2023-02-01 06:24:48.084,"[20, 2, 2, 0, 8191, 2, 0, 0, 2, 197, 1, 1]",
2023-02-01 06:24:49.075,"[20, 2, 2, 0, 8191, 2, 0, 0, 2, 197, 1, 1]",
2023-02-01 06:24:50.083,"[20, 2, 2, 0, 8191, 2, 0, 0, 2, 197, 1, 1]",
2023-02-01 06:24:51.098,"[20, 2, 2, 0, 8191, 2, 0, 0, 2, 197, 1, 1]",
2023-02-01 06:24:52.116,"[20, 2, 2, 0, 8191, 2, 0, 0, 2, 197, 1, 1]",
2023-02-01 06:24:54.113,"[20, 2, 2, 0, 8191, 2, 0, 0, 2, 197, 1, 1]",
2023-02-01 06:24:55.131,"[20, 2, 2, 0, 8191, 2, 0, 0, 2, 197, 1, 1]",
2023-02-01 06:24:57.144,"[20, 2, 2, 0, 8191, 2, 0, 0, 2, 197, 1, 1]",
2023-02-01 06:24:58.156,"[20, 2, 2, 0, 8191, 2, 0, 0, 2, 197, 1, 1]",
2023-02-01 06:24:59.159,"[20, 2, 2, 0, 8191, 2, 0, 0, 2, 197, 1, 1]",
2023-02-01 06:25:00.179,"[20, 2, 2, 0, 8191, 2, 0, 0, 2, 197, 1, 1]",
2023-02-01 06:25:02.211,"[20, 2, 2, 0, 8191, 2, 0, 0, 2, 197, 1, 1]",
2023-02-01 06:25:04.192,"[20, 2, 2, 0, 8191, 2, 0, 0, 2, 197, 1, 1]",
2023-02-01 06:25:05.217,"[20, 2, 2, 0, 8191, 2, 0, 0, 2, 197, 1, 1]",
2023-02-01 06:25:07.223,"[20, 2, 2, 0, 8191, 2, 0, 0, 2, 197, 1, 1]",
2023-02-01 06:25:08.241,"[20, 2, 2, 0, 8191, 2, 0, 0, 2, 197, 1, 1]",
2023-02-01 06:25:10.239,"[20, 2, 2, 0, 8191, 2, 0, 0, 2, 197, 1, 1]",
2023-02-01 06:25:11.260,"[20, 2, 2, 0, 8191, 2, 0, 0, 2, 197, 1, 1]",
2023-02-01 06:25:13.253,"[20, 2, 2, 0, 8191, 2, 0, 0, 2, 197, 1, 1]",
2023-02-01 06:25:14.311,"[20, 2, 2, 0, 8191, 2, 0, 0, 2, 197, 1, 1]",
2023-02-01 06:25:16.384,"[20, 2, 2, 0, 8191, 2, 0, 0, 2, 197, 1, 1]",
2023-02-01 06:25:18.349,"[20, 2, 2, 0, 8191, 2, 0, 0, 2, 197, 1, 1]",
2023-02-01 06:25:20.352,"[20, 2, 2, 0, 8191, 2, 0, 0, 2, 197, 1, 1]",
2023-02-01 06:25:21.353,"[20, 2, 2, 0, 8191, 2, 0, 0, 2, 197, 1, 1]",
2023-02-01 06:25:22.363,"[20, 2, 2, 0, 8191, 2, 0, 0, 2, 197, 1, 1]",
2023-02-01 06:25:23.391,"[20, 2, 2, 0, 8191, 2, 0, 0, 2, 197, 1, 1]",
2023-02-01 06:25:25.384,"[20, 2, 2, 0, 8191, 2, 0, 0, 2, 197, 1, 1]",
2023-02-01 06:25:26.388,"[20, 2, 2, 0, 8191, 2, 0, 0, 2, 197, 1, 1]",
2023-02-01 06:25:27.408,"[20, 2, 2, 0, 8191, 2, 0, 0, 2, 197, 1, 1]",
2023-02-01 06:25:29.403,"[20, 2, 2, 0, 8191, 2, 0, 0, 2, 197, 1, 1]",
2023-02-01 06:25:30.402,"[20, 2, 2, 0, 8191, 2, 0, 0, 2, 197, 1, 1]",
2023-02-01 06:25:31.408,"[20, 2, 2, 0, 8191, 2, 0, 0, 2, 197, 1, 1]",
2023-02-01 06:25:32.420,"[20, 2, 2, 0, 8191, 2, 0, 0, 2, 197, 1, 1]",
2023-02-01 06:25:33.423,"[20, 2, 2, 0, 8191, 2, 0, 0, 2, 197, 1, 1]",
2023-02-01 06:25:34.450,"[20, 2, 2, 0, 8191, 2, 0, 0, 2, 197, 1, 1]",
2023-02-01 06:25:35.446,"[20, 2, 2, 0, 8191, 2, 0, 0, 2, 197, 1, 1]",
2023-02-01 06:25:36.448,"[20, 2, 2, 0, 8191, 2, 0, 0, 2, 197, 1, 1]",
2023-02-01 06:25:37.467,"[20, 2, 2, 0, 8191, 2, 0, 0, 2, 197, 1, 1]",
2023-02-01 06:25:38.480,"[20, 2, 2, 0, 8191, 2, 0, 0, 2, 197, 1, 1]",
2023-02-01 06:25:39.496,"[20, 2, 2, 0, 8191, 2, 0, 0, 2, 197, 1, 1]",
2023-02-01 06:25:41.524,"[20, 2, 2, 0, 8191, 2, 0, 0, 2, 197, 1, 1]",
2023-02-01 06:25:43.514,"[20, 2, 2, 0, 8191, 2, 0, 0, 2, 197, 1, 1]",
2023-02-01 06:25:44.536,"[20, 2, 2, 0, 8191, 2, 0, 0, 2, 197, 1, 1]",
2023-02-01 06:25:46.538,"[20, 2, 2, 0, 8191, 2, 0, 0, 2, 197, 1, 1]",
2023-02-01 06:25:47.544,"[20, 2, 2, 0, 8191, 2, 0, 0, 2, 197, 1, 1]",
2023-02-01 06:25:49.554,"[20, 2, 2, 0, 8191, 2, 0, 0, 2, 197, 1, 1]",
2023-02-01 06:27:15.230,"[16, 2, 2, 1, 453, 2, 0, 0, 1, 197, 1, 1]",
2023-02-01 06:27:34.362,"[16, 2, 2, 1, 50, 2, 0, 0, 1, 197, 1, 1]",
2023-02-01 06:27:42.422,"[16, 2, 2, 2, 1174, 2, 0, 0, 1, 197, 1, 1]",
2023-02-01 06:27:50.492,"[16, 2, 2, 2, 1001, 2, 0, 0, 1, 197, 1, 1]",
2023-02-01 06:28:06.623,"[16, 2, 2, 2, 652, 2, 0, 0, 1, 197, 1, 1]",
2023-02-01 06:28:16.726,"[16, 2, 2, 2, 443, 2, 0, 0, 1, 197, 1, 1]",
2023-02-01 06:28:35.880,"[16, 2, 2, 2, 22, 2, 0, 0, 1, 197, 1, 1]",
2023-02-01 06:29:36.439,"[16, 2, 2, 2, 739, 2, 0, 0, 1, 197, 1, 1]",
2023-02-01 06:29:43.494,"[16, 2, 2, 2, 587, 2, 0, 0, 1, 197, 1, 1]",
2023-02-01 06:29:51.528,"[16, 2, 2, 2, 414, 2, 0, 0, 1, 197, 1, 1]",
2023-02-01 06:30:03.603,"[16, 2, 2, 2, 155, 2, 0, 0, 1, 197, 1, 1]",
2023-02-01 06:32:01.606,"[16, 2, 2, 1, 909, 2, 0, 0, 1, 197, 1, 1]",
2023-02-01 06:32:05.646,"[16, 2, 2, 1, 825, 2, 0, 0, 1, 197, 1, 1]",
2023-02-01 06:32:09.685,"[16, 2, 2, 1, 741, 2, 0, 0, 1, 197, 1, 1]",
2023-02-01 06:32:11.682,"[16, 2, 2, 1, 700, 2, 0, 0, 1, 197, 1, 1]",
2023-02-01 06:32:14.707,"[16, 2, 2, 1, 638, 2, 0, 0, 1, 197, 1, 1]",
2023-02-01 06:32:49.969,"[16, 2, 2, 1, 228, 2, 0, 0, 1, 197, 1, 1]",
2023-02-01 06:32:51.999,"[16, 2, 2, 1, 187, 2, 0, 0, 1, 197, 1, 1]",
2023-02-01 06:33:21.204,"[31, 2, 2, 0, 8191, 0, 0, 0, 0, 197, 1, 1]",
2023-02-01 06:33:23.217,"[31, 2, 2, 0, 8191, 0, 0, 0, 0, 197, 1, 1]",
2023-02-01 06:33:24.223,"[31, 2, 2, 0, 8191, 0, 0, 0, 0, 197, 1, 1]",
2023-02-01 06:33:26.235,"[31, 2, 2, 0, 8191, 0, 0, 0, 0, 197, 1, 1]",
2023-02-01 06:33:27.250,"[31, 2, 2, 0, 8191, 0, 0, 0, 0, 197, 1, 1]",
2023-02-01 06:33:29.244,"[31, 2, 2, 0, 8191, 0, 0, 0, 0, 197, 1, 1]",
2023-02-01 06:33:30.267,"[31, 2, 2, 0, 8191, 0, 0, 0, 0, 197, 1, 1]",
2023-02-01 06:33:31.283,"[31, 2, 2, 0, 8191, 0, 0, 0, 0, 197, 1, 1]",
2023-02-01 06:33:33.266,"[31, 2, 2, 0, 8191, 0, 0, 0, 0, 197, 1, 1]",
2023-02-01 06:33:34.286,"[31, 2, 2, 0, 8191, 0, 0, 0, 0, 197, 1, 1]",
2023-02-01 06:33:36.298,"[31, 2, 2, 0, 8191, 0, 0, 0, 0, 197, 1, 1]",
2023-02-01 06:33:37.299,"[31, 2, 2, 0, 8191, 0, 0, 0, 0, 197, 1, 1]",
2023-02-01 06:33:38.308,"[31, 2, 2, 0, 8191, 0, 0, 0, 0, 197, 1, 1]",
2023-02-01 06:33:39.325,"[31, 2, 2, 0, 8191, 0, 0, 0, 0, 197, 1, 1]",
2023-02-01 06:33:40.342,"[31, 2, 2, 0, 8191, 0, 0, 0, 0, 197, 1, 1]",
2023-02-01 06:33:41.358,"[31, 2, 2, 0, 8191, 0, 0, 0, 0, 197, 1, 1]",
2023-02-01 06:33:43.350,"[31, 2, 2, 0, 8191, 0, 0, 0, 0, 197, 1, 1]",
2023-02-01 06:33:44.357,"[31, 2, 2, 0, 8191, 0, 0, 0, 0, 197, 1, 1]",
2023-02-01 06:33:45.367,"[31, 2, 2, 0, 8191, 0, 0, 0, 0, 197, 1, 1]",
2023-02-01 06:33:47.364,"[31, 2, 2, 0, 8191, 0, 0, 0, 0, 197, 1, 1]",
2023-02-01 06:33:49.380,"[31, 2, 2, 0, 8191, 0, 0, 0, 0, 197, 1, 1]",
2023-02-01 06:33:50.418,"[31, 2, 2, 0, 8191, 0, 0, 0, 0, 197, 1, 1]",
2023-02-01 06:33:51.414,"[31, 2, 2, 0, 8191, 0, 0, 0, 0, 197, 1, 1]",
2023-02-01 06:33:52.695,"[31, 2, 2, 0, 8191, 0, 0, 0, 0, 197, 1, 1]",
2023-02-01 06:33:54.434,"[31, 2, 2, 0, 8191, 0, 0, 0, 0, 197, 1, 1]",
2023-02-01 06:33:56.445,"[31, 2, 2, 0, 8191, 0, 0, 0, 0, 197, 1, 1]",
2023-02-01 06:33:58.483,"[31, 2, 2, 0, 8191, 0, 0, 0, 0, 197, 1, 1]",
2023-02-01 06:34:00.502,"[31, 2, 2, 0, 8191, 0, 0, 0, 0, 197, 1, 1]",
2023-02-01 06:34:01.510,"[31, 2, 2, 0, 8191, 0, 0, 0, 0, 197, 1, 1]",
2023-02-01 06:34:03.507,"[31, 2, 2, 0, 8191, 0, 0, 0, 0, 197, 1, 1]",
2023-02-01 06:34:05.506,"[31, 2, 2, 0, 8191, 0, 0, 0, 0, 197, 1, 1]",
2023-02-01 06:34:06.538,"[31, 2, 2, 0, 8191, 0, 0, 0, 0, 197, 1, 1]",
2023-02-01 06:34:07.542,"[31, 2, 2, 0, 8191, 0, 0, 0, 0, 197, 1, 1]",
2023-02-01 06:34:08.550,"[31, 2, 2, 0, 8191, 0, 0, 0, 0, 197, 1, 1]",
2023-02-01 06:34:10.557,"[31, 2, 2, 0, 8191, 0, 0, 0, 0, 197, 1, 1]",
2023-02-01 06:34:11.571,"[31, 2, 2, 0, 8191, 0, 0, 0, 0, 197, 1, 1]",
2023-02-01 06:34:12.584,"[31, 2, 2, 0, 8191, 0, 0, 0, 0, 197, 1, 1]",
2023-02-01 06:34:13.602,"[31, 2, 2, 0, 8191, 0, 0, 0, 0, 197, 1, 1]",
2023-02-01 06:34:14.632,"[31, 2, 2, 0, 8191, 0, 0, 0, 0, 197, 1, 1]",
2023-02-01 06:34:16.625,"[31, 2, 2, 0, 8191, 0, 0, 0, 0, 197, 1, 1]",
2023-02-01 06:34:17.635,"[31, 2, 2, 0, 8191, 0, 0, 0, 0, 197, 1, 1]",
2023-02-01 06:34:19.654,"[31, 2, 2, 0, 8191, 0, 0, 0, 0, 197, 1, 1]",
2023-02-01 06:34:20.668,"[31, 2, 2, 0, 8191, 0, 0, 0, 0, 197, 1, 1]",
2023-02-01 06:34:21.676,"[31, 2, 2, 0, 8191, 0, 0, 0, 0, 197, 1, 1]",
2023-02-01 06:34:23.692,"[31, 2, 2, 0, 8191, 0, 0, 0, 0, 197, 1, 1]",
2023-02-01 06:34:24.700,"[31, 2, 2, 0, 8191, 0, 0, 0, 0, 197, 1, 1]",
2023-02-01 06:34:25.713,"[31, 2, 2, 0, 8191, 0, 0, 0, 0, 197, 1, 1]",
2023-02-01 06:34:26.716,"[31, 2, 2, 0, 8191, 0, 0, 0, 0, 197, 1, 1]",
2023-02-01 06:34:27.705,"[31, 2, 2, 0, 8191, 0, 0, 0, 0, 197, 1, 1]",
2023-02-01 06:34:28.734,"[31, 2, 2, 0, 8191, 0, 0, 0, 0, 197, 1, 1]",
2023-02-01 06:34:30.722,"[31, 2, 2, 0, 8191, 0, 0, 0, 0, 197, 1, 1]",
2023-02-01 06:34:31.767,"[31, 2, 2, 0, 8191, 0, 0, 0, 0, 197, 1, 1]",
2023-02-01 06:34:33.752,"[31, 2, 2, 0, 8191, 0, 0, 0, 0, 197, 1, 1]",
2023-02-01 06:34:34.779,"[31, 2, 2, 0, 8191, 0, 0, 0, 0, 197, 1, 1]",
2023-02-01 06:34:35.778,"[31, 2, 2, 0, 8191, 0, 0, 0, 0, 197, 1, 1]",
2023-02-01 06:34:36.788,"[31, 2, 2, 0, 8191, 0, 0, 0, 0, 197, 1, 1]",
2023-02-01 06:34:37.795,"[31, 2, 2, 0, 8191, 0, 0, 0, 0, 197, 1, 1]",
2023-02-01 06:34:38.811,"[31, 2, 2, 0, 8191, 0, 0, 0, 0, 197, 1, 1]",
2023-02-01 06:34:39.820,"[31, 2, 2, 0, 8191, 0, 0, 0, 0, 197, 1, 1]",
2023-02-01 06:34:40.827,"[31, 2, 2, 0, 8191, 0, 0, 0, 0, 197, 1, 1]",
2023-02-01 06:34:42.830,"[31, 2, 2, 0, 8191, 0, 0, 0, 0, 197, 1, 1]",
2023-02-01 06:34:43.848,"[31, 2, 2, 0, 8191, 0, 0, 0, 0, 197, 1, 1]",
2023-02-01 06:34:45.853,"[31, 2, 2, 0, 8191, 0, 0, 0, 0, 197, 1, 1]",
2023-02-01 06:34:46.876,"[31, 2, 2, 0, 8191, 0, 0, 0, 0, 197, 1, 1]",
2023-02-01 06:34:47.871,"[31, 2, 2, 0, 8191, 0, 0, 0, 0, 197, 1, 1]",
2023-02-01 06:34:48.884,"[31, 2, 2, 0, 8191, 0, 0, 0, 0, 197, 1, 1]",
2023-02-01 06:35:28.181,"[24, 2, 2, 1, 1926, 2, 0, 0, 1, 197, 1, 1]",
2023-02-01 06:35:31.199,"[24, 2, 2, 1, 1845, 2, 0, 0, 1, 197, 1, 1]",
2023-02-01 06:35:49.338,"[24, 2, 2, 1, 1377, 2, 0, 0, 1, 197, 1, 1]",
2023-02-01 06:35:51.363,"[24, 2, 2, 1, 1323, 2, 0, 0, 1, 197, 1, 1]",
2023-02-01 06:35:53.377,"[24, 2, 2, 1, 1269, 2, 0, 0, 1, 197, 1, 1]",
2023-02-01 06:35:59.432,"[24, 2, 2, 1, 1105, 2, 0, 0, 1, 197, 1, 1]",
2023-02-01 06:36:05.497,"[24, 2, 2, 1, 940, 2, 0, 0, 1, 197, 1, 1]",
2023-02-01 06:36:08.516,"[24, 2, 2, 1, 853, 2, 0, 0, 1, 197, 1, 1]",
2023-02-01 06:36:31.691,"[24, 2, 2, 1, 281, 2, 0, 0, 1, 197, 1, 1]",
2023-02-01 06:36:41.792,"[24, 2, 2, 1, 73, 2, 0, 0, 1, 197, 1, 1]",
2023-02-01 06:36:43.803,"[24, 2, 2, 1, 35, 2, 0, 0, 1, 197, 1, 1]",
2023-02-01 06:38:02.737,"[4, 2, 2, 0, 8191, 2, 0, 0, 3, 197, 1, 1]",
2023-02-01 06:38:04.492,"[4, 2, 2, 0, 8191, 2, 0, 0, 3, 197, 1, 1]",
2023-02-01 06:38:06.510,"[4, 2, 2, 0, 8191, 2, 0, 0, 3, 197, 1, 1]",
2023-02-01 06:40:58.877,"[4, 2, 2, 0, 8191, 2, 0, 0, 2, 197, 1, 1]",
2023-02-01 06:41:00.868,"[4, 2, 2, 0, 8191, 2, 0, 0, 2, 197, 1, 1]",
2023-02-01 06:41:01.897,"[4, 2, 2, 0, 8191, 2, 0, 0, 2, 197, 1, 1]",
2023-02-01 06:41:03.868,"[4, 2, 2, 0, 8191, 2, 0, 0, 2, 197, 1, 1]",
2023-02-01 06:41:04.906,"[4, 2, 2, 0, 8191, 2, 0, 0, 2, 197, 1, 1]",
2023-02-01 06:41:06.894,"[4, 2, 2, 0, 8191, 2, 0, 0, 2, 197, 1, 1]",
2023-02-01 06:41:07.905,"[4, 2, 2, 0, 8191, 2, 0, 0, 2, 197, 1, 1]",
2023-02-01 06:41:08.926,"[4, 2, 2, 0, 8191, 2, 0, 0, 2, 197, 1, 1]",
2023-02-01 06:41:09.942,"[4, 2, 2, 0, 8191, 2, 0, 0, 2, 197, 1, 1]",
2023-02-01 06:41:11.979,"[4, 2, 2, 0, 8191, 2, 0, 0, 2, 197, 1, 1]",
2023-02-01 06:41:13.975,"[4, 2, 2, 0, 8191, 2, 0, 0, 2, 197, 1, 1]",
2023-02-01 06:41:15.968,"[4, 2, 2, 0, 8191, 2, 0, 0, 2, 197, 1, 1]",
2023-02-01 06:42:06.397,"[4, 2, 2, 0, 8191, 2, 0, 0, 2, 197, 1, 1]",
2023-02-01 06:42:08.399,"[4, 2, 2, 0, 8191, 2, 0, 0, 2, 197, 1, 1]",
2023-02-01 06:42:10.389,"[4, 2, 2, 0, 8191, 2, 0, 0, 2, 197, 1, 1]",
2023-02-01 06:42:11.414,"[4, 2, 2, 0, 8191, 2, 0, 0, 2, 197, 1, 1]",
2023-02-01 06:42:13.409,"[4, 2, 2, 0, 8191, 2, 0, 0, 2, 197, 1, 1]",
2023-02-01 06:42:14.409,"[4, 2, 2, 0, 8191, 2, 0, 0, 2, 197, 1, 1]",
2023-02-01 06:42:15.413,"[4, 2, 2, 0, 8191, 2, 0, 0, 2, 197, 1, 1]",
2023-02-01 06:42:16.429,"[4, 2, 2, 0, 8191, 2, 0, 0, 2, 197, 1, 1]",
2023-02-01 06:42:17.462,"[4, 2, 2, 0, 8191, 2, 0, 0, 2, 197, 1, 1]",
2023-02-01 06:42:19.453,"[4, 2, 2, 0, 8191, 2, 0, 0, 2, 197, 1, 1]",
2023-02-01 06:42:20.452,"[4, 2, 2, 0, 8191, 2, 0, 0, 2, 197, 1, 1]",
2023-02-01 06:42:21.466,"[4, 2, 2, 0, 8191, 2, 0, 0, 2, 197, 1, 1]",
2023-02-01 06:42:22.486,"[4, 2, 2, 0, 8191, 2, 0, 0, 2, 197, 1, 1]",
2023-02-01 06:42:23.490,"[4, 2, 2, 0, 8191, 2, 0, 0, 2, 197, 1, 1]",
2023-02-01 06:46:41.409,"[24, 2, 2, 2, 1944, 2, 0, 0, 1, 197, 1, 1]",
2023-02-01 06:46:47.453,"[24, 2, 2, 2, 1777, 2, 0, 0, 1, 197, 1, 1]",
2023-02-01 06:46:50.481,"[24, 2, 2, 2, 1694, 2, 0, 0, 1, 197, 1, 1]",
2023-02-01 06:46:56.524,"[24, 2, 2, 2, 1529, 2, 0, 0, 1, 197, 1, 1]",
2023-02-01 06:47:03.582,"[24, 2, 2, 2, 1338, 2, 0, 0, 1, 197, 1, 1]",
2023-02-01 06:47:06.607,"[24, 2, 2, 2, 1256, 2, 0, 0, 1, 197, 1, 1]",
2023-02-01 06:47:09.643,"[24, 2, 2, 2, 1176, 2, 0, 0, 1, 197, 1, 1]",
2023-02-01 06:47:11.647,"[24, 2, 2, 2, 1123, 2, 0, 0, 1, 197, 1, 1]",
2023-02-01 06:47:21.724,"[24, 2, 2, 2, 851, 2, 0, 0, 1, 197, 1, 1]",
2023-02-01 06:47:26.769,"[24, 2, 2, 2, 714, 2, 0, 0, 1, 197, 1, 1]",
2023-02-01 06:47:38.850,"[24, 2, 2, 2, 386, 2, 0, 0, 1, 197, 1, 1]",
2023-02-01 06:47:51.976,"[24, 2, 2, 2, 32, 2, 0, 0, 1, 197, 1, 1]",
2023-02-01 06:49:16.796,"[4, 2, 2, 0, 8191, 2, 0, 0, 3, 197, 1, 1]",
2023-02-01 06:49:18.685,"[4, 2, 2, 0, 8191, 2, 0, 0, 3, 197, 1, 1]",
2023-02-01 06:50:40.301,"[16, 2, 2, 2, 1682, 2, 0, 0, 1, 197, 1, 1]",
2023-02-01 06:50:48.380,"[16, 2, 2, 2, 1515, 2, 0, 0, 1, 197, 1, 1]",
2023-02-01 06:50:50.394,"[16, 2, 2, 2, 1474, 2, 0, 0, 1, 197, 1, 1]",
2023-02-01 06:50:56.449,"[16, 2, 2, 2, 1348, 2, 0, 0, 1, 197, 1, 1]",
2023-02-01 06:50:58.475,"[16, 2, 2, 2, 1307, 2, 0, 0, 1, 197, 1, 1]",
2023-02-01 06:51:03.524,"[16, 2, 2, 2, 1204, 2, 0, 0, 1, 197, 1, 1]",
2023-02-01 06:51:09.538,"[16, 2, 2, 2, 1078, 2, 0, 0, 1, 197, 1, 1]",
2023-02-01 06:51:13.571,"[16, 2, 2, 2, 994, 2, 0, 0, 1, 197, 1, 1]",
2023-02-01 06:51:31.725,"[16, 2, 2, 2, 608, 2, 0, 0, 1, 197, 1, 1]",
2023-02-01 06:51:33.728,"[16, 2, 2, 2, 565, 2, 0, 0, 1, 197, 1, 1]",
2023-02-01 06:51:51.887,"[16, 2, 2, 2, 187, 2, 0, 0, 1, 197, 1, 1]",
2023-02-01 06:51:53.906,"[16, 2, 2, 2, 144, 2, 0, 0, 1, 197, 1, 1]",
2023-02-01 06:51:58.941,"[16, 2, 2, 2, 16, 2, 0, 0, 1, 197, 1, 1]",
2023-02-01 06:52:58.321,"[16, 2, 2, 2, 971, 2, 0, 0, 1, 197, 1, 1]",
2023-02-01 06:53:20.538,"[16, 2, 2, 2, 508, 2, 0, 0, 1, 197, 1, 1]",
2023-02-01 06:53:48.753,"[16, 2, 2, 1, 358, 2, 0, 0, 1, 197, 1, 1]",
2023-02-01 06:53:53.771,"[16, 2, 2, 1, 262, 2, 0, 0, 1, 197, 1, 1]",
2023-02-01 06:54:03.868,"[16, 2, 2, 1, 83, 2, 0, 0, 1, 197, 1, 1]",
2023-02-01 06:54:56.252,"[10, 2, 2, 2, 227, 2, 0, 0, 1, 197, 1, 1]",
2023-02-01 06:55:04.314,"[10, 2, 2, 2, 152, 2, 0, 0, 1, 197, 1, 1]",
2023-02-01 06:55:07.353,"[10, 2, 2, 2, 133, 2, 0, 0, 1, 197, 1, 1]",
2023-02-01 06:55:16.405,"[10, 2, 2, 2, 62, 2, 0, 0, 1, 197, 1, 1]",
2023-02-01 06:55:19.423,"[10, 2, 2, 2, 33, 2, 0, 0, 1, 197, 1, 1]",
2023-02-01 06:55:34.579,"[16, 2, 2, 2, 543, 2, 0, 0, 1, 197, 1, 1]",
2023-02-01 06:55:53.687,"[16, 2, 2, 2, 154, 2, 0, 0, 1, 197, 1, 1]",
2023-02-01 06:58:07.204,"[16, 2, 2, 2, 289, 2, 0, 0, 1, 197, 1, 1]",
2023-02-01 06:58:16.265,"[16, 2, 2, 2, 114, 2, 0, 0, 1, 197, 1, 1]",
2023-02-01 06:58:43.455,"[16, 2, 2, 2, 593, 2, 0, 0, 1, 197, 1, 1]",
2023-02-01 06:58:56.586,"[16, 2, 2, 2, 340, 2, 0, 0, 1, 197, 1, 1]",
2023-02-01 06:59:46.867,"[16, 2, 2, 2, 855, 2, 0, 0, 1, 197, 1, 1]",
2023-02-01 06:59:50.896,"[16, 2, 2, 2, 788, 2, 0, 0, 1, 197, 1, 1]",
2023-02-01 07:00:18.113,"[16, 2, 2, 2, 341, 2, 0, 0, 1, 197, 1, 1]",
2023-02-01 07:00:21.139,"[16, 2, 2, 2, 293, 2, 0, 0, 1, 197, 1, 1]",
2023-02-01 07:00:25.171,"[16, 2, 2, 2, 225, 2, 0, 0, 1, 197, 1, 1]",
2023-02-01 07:07:25.260,"[16, 2, 2, 2, 202, 2, 0, 0, 1, 197, 1, 1]",
2023-02-01 07:07:27.259,"[16, 2, 2, 2, 161, 2, 0, 0, 1, 197, 1, 1]",
2023-02-01 07:08:11.607,"[16, 2, 2, 2, 273, 2, 0, 0, 1, 197, 1, 1]",
2023-02-01 07:09:03.885,"[16, 2, 2, 2, 899, 2, 0, 0, 1, 197, 1, 1]",
2023-02-01 07:09:41.098,"[16, 2, 2, 2, 76, 2, 0, 0, 1, 197, 1, 1]",
2023-02-01 07:10:01.069,"[16, 2, 2, 1, 605, 2, 0, 0, 1, 197, 1, 1]",
2023-02-01 07:10:23.194,"[16, 2, 2, 1, 187, 2, 0, 0, 1, 197, 1, 1]",
2023-02-01 07:11:37.717,"[16, 2, 2, 2, 1519, 2, 0, 0, 1, 197, 1, 1]",
2023-02-01 07:11:45.746,"[16, 2, 2, 2, 1371, 2, 0, 0, 1, 197, 1, 1]",
2023-02-01 07:11:48.756,"[16, 2, 2, 2, 1306, 2, 0, 0, 1, 197, 1, 1]",
2023-02-01 07:11:54.808,"[16, 2, 2, 2, 1178, 2, 0, 0, 1, 197, 1, 1]",
2023-02-01 07:12:02.885,"[16, 2, 2, 2, 1007, 2, 0, 0, 1, 197, 1, 1]",
2023-02-01 07:12:09.927,"[16, 2, 2, 2, 853, 2, 0, 0, 1, 197, 1, 1]",
2023-02-01 07:12:40.188,"[16, 2, 2, 2, 212, 2, 0, 0, 1, 197, 1, 1]",
2023-02-01 07:13:35.659,"[16, 2, 2, 1, 1751, 2, 0, 0, 1, 197, 1, 1]",
2023-02-01 07:13:37.667,"[16, 2, 2, 1, 1708, 2, 0, 0, 1, 197, 1, 1]",
2023-02-01 07:13:42.746,"[16, 2, 2, 1, 1600, 2, 0, 0, 1, 197, 1, 1]",
2023-02-01 07:13:45.740,"[16, 2, 2, 1, 1536, 2, 0, 0, 1, 197, 1, 1]",
2023-02-01 07:13:48.772,"[16, 2, 2, 1, 1471, 2, 0, 0, 1, 197, 1, 1]",
2023-02-01 07:13:53.796,"[16, 2, 2, 1, 1364, 2, 0, 0, 1, 197, 1, 1]",
2023-02-01 07:13:59.837,"[16, 2, 2, 1, 1237, 2, 0, 0, 1, 197, 1, 1]",
2023-02-01 07:14:15.954,"[16, 2, 2, 1, 901, 2, 0, 0, 1, 197, 1, 1]",
2023-02-01 07:16:27.985,"[20, 2, 2, 2, 786, 2, 0, 0, 1, 197, 1, 1]",
2023-02-01 07:16:32.043,"[20, 2, 2, 2, 681, 2, 0, 0, 1, 197, 1, 1]",
2023-02-01 07:16:45.101,"[20, 2, 2, 2, 333, 2, 0, 0, 1, 197, 1, 1]",
2023-02-01 07:17:00.189,"[31, 2, 2, 0, 8191, 0, 0, 0, 0, 197, 1, 1]",
2023-02-01 07:17:01.237,"[31, 2, 2, 0, 8191, 0, 0, 0, 0, 197, 1, 1]",
2023-02-01 07:17:03.242,"[31, 2, 2, 0, 8191, 0, 0, 0, 0, 197, 1, 1]",
2023-02-01 07:17:05.242,"[31, 2, 2, 0, 8191, 0, 0, 0, 0, 197, 1, 1]",
2023-02-01 07:17:06.258,"[31, 2, 2, 0, 8191, 0, 0, 0, 0, 197, 1, 1]",
2023-02-01 07:17:08.270,"[31, 2, 2, 0, 8191, 0, 0, 0, 0, 197, 1, 1]",
2023-02-01 07:17:10.255,"[31, 2, 2, 0, 8191, 0, 0, 0, 0, 197, 1, 1]",
2023-02-01 07:17:11.288,"[31, 2, 2, 0, 8191, 0, 0, 0, 0, 197, 1, 1]",
2023-02-01 07:17:12.306,"[31, 2, 2, 0, 8191, 0, 0, 0, 0, 197, 1, 1]",
2023-02-01 07:17:14.286,"[31, 2, 2, 0, 8191, 0, 0, 0, 0, 197, 1, 1]",
2023-02-01 07:17:15.320,"[31, 2, 2, 0, 8191, 0, 0, 0, 0, 197, 1, 1]",
2023-02-01 07:17:17.344,"[31, 2, 2, 0, 8191, 0, 0, 0, 0, 197, 1, 1]",
2023-02-01 07:17:18.346,"[31, 2, 2, 0, 8191, 0, 0, 0, 0, 197, 1, 1]",
2023-02-01 07:17:20.344,"[31, 2, 2, 0, 8191, 0, 0, 0, 0, 197, 1, 1]",
2023-02-01 07:17:21.369,"[31, 2, 2, 0, 8191, 0, 0, 0, 0, 197, 1, 1]",
2023-02-01 07:17:23.399,"[31, 2, 2, 0, 8191, 0, 0, 0, 0, 197, 1, 1]",
2023-02-01 07:17:25.385,"[31, 2, 2, 0, 8191, 0, 0, 0, 0, 197, 1, 1]",
2023-02-01 07:17:26.396,"[31, 2, 2, 0, 8191, 0, 0, 0, 0, 197, 1, 1]",
2023-02-01 07:17:27.398,"[31, 2, 2, 0, 8191, 0, 0, 0, 0, 197, 1, 1]",
2023-02-01 07:17:28.434,"[31, 2, 2, 0, 8191, 0, 0, 0, 0, 197, 1, 1]",
2023-02-01 07:17:29.442,"[31, 2, 2, 0, 8191, 0, 0, 0, 0, 197, 1, 1]",
2023-02-01 07:17:31.442,"[31, 2, 2, 0, 8191, 0, 0, 0, 0, 197, 1, 1]",
2023-02-01 07:17:32.464,"[31, 2, 2, 0, 8191, 0, 0, 0, 0, 197, 1, 1]",
2023-02-01 07:17:34.483,"[31, 2, 2, 0, 8191, 0, 0, 0, 0, 197, 1, 1]",
2023-02-01 07:17:36.476,"[31, 2, 2, 0, 8191, 0, 0, 0, 0, 197, 1, 1]",
2023-02-01 07:17:37.510,"[31, 2, 2, 0, 8191, 0, 0, 0, 0, 197, 1, 1]",
2023-02-01 07:17:39.530,"[31, 2, 2, 0, 8191, 0, 0, 0, 0, 197, 1, 1]",
2023-02-01 07:17:40.524,"[31, 2, 2, 0, 8191, 0, 0, 0, 0, 197, 1, 1]",
2023-02-01 07:17:41.530,"[31, 2, 2, 0, 8191, 0, 0, 0, 0, 197, 1, 1]",
2023-02-01 07:17:42.529,"[31, 2, 2, 0, 8191, 0, 0, 0, 0, 197, 1, 1]",
2023-02-01 07:17:43.567,"[31, 2, 2, 0, 8191, 0, 0, 0, 0, 197, 1, 1]",
2023-02-01 07:17:45.581,"[31, 2, 2, 0, 8191, 0, 0, 0, 0, 197, 1, 1]",
2023-02-01 07:17:47.586,"[31, 2, 2, 0, 8191, 0, 0, 0, 0, 197, 1, 1]",
2023-02-01 07:17:48.604,"[31, 2, 2, 0, 8191, 0, 0, 0, 0, 197, 1, 1]",
2023-02-01 07:17:49.617,"[31, 2, 2, 0, 8191, 0, 0, 0, 0, 197, 1, 1]",
2023-02-01 07:17:50.632,"[31, 2, 2, 0, 8191, 0, 0, 0, 0, 197, 1, 1]",
2023-02-01 07:17:51.657,"[31, 2, 2, 0, 8191, 0, 0, 0, 0, 197, 1, 1]",
2023-02-01 07:17:53.616,"[31, 2, 2, 0, 8191, 0, 0, 0, 0, 197, 1, 1]",
2023-02-01 07:17:54.665,"[31, 2, 2, 0, 8191, 0, 0, 0, 0, 197, 1, 1]",
2023-02-01 07:17:55.677,"[31, 2, 2, 0, 8191, 0, 0, 0, 0, 197, 1, 1]",
2023-02-01 07:17:57.664,"[31, 2, 2, 0, 8191, 0, 0, 0, 0, 197, 1, 1]",
2023-02-01 07:17:58.675,"[31, 2, 2, 0, 8191, 0, 0, 0, 0, 197, 1, 1]",
2023-02-01 07:17:59.674,"[31, 2, 2, 0, 8191, 0, 0, 0, 0, 197, 1, 1]",
2023-02-01 07:18:00.707,"[31, 2, 2, 0, 8191, 0, 0, 0, 0, 197, 1, 1]",
2023-02-01 07:18:02.791,"[31, 2, 2, 0, 8191, 0, 0, 0, 0, 197, 1, 1]",
2023-02-01 07:18:03.789,"[31, 2, 2, 0, 8191, 0, 0, 0, 0, 197, 1, 1]",
2023-02-01 07:18:05.701,"[31, 2, 2, 0, 8191, 0, 0, 0, 0, 197, 1, 1]",
2023-02-01 07:18:06.768,"[31, 2, 2, 0, 8191, 0, 0, 0, 0, 197, 1, 1]",
2023-02-01 07:18:07.785,"[31, 2, 2, 0, 8191, 0, 0, 0, 0, 197, 1, 1]",
2023-02-01 07:18:09.806,"[31, 2, 2, 0, 8191, 0, 0, 0, 0, 197, 1, 1]",
2023-02-01 07:18:11.801,"[31, 2, 2, 0, 8191, 0, 0, 0, 0, 197, 1, 1]",
2023-02-01 07:18:13.779,"[31, 2, 2, 0, 8191, 0, 0, 0, 0, 197, 1, 1]",
2023-02-01 07:18:14.794,"[31, 2, 2, 0, 8191, 0, 0, 0, 0, 197, 1, 1]",
2023-02-01 07:18:15.812,"[31, 2, 2, 0, 8191, 0, 0, 0, 0, 197, 1, 1]",
2023-02-01 07:18:16.833,"[31, 2, 2, 0, 8191, 0, 0, 0, 0, 197, 1, 1]",
2023-02-01 07:18:18.855,"[31, 2, 2, 0, 8191, 0, 0, 0, 0, 197, 1, 1]",
2023-02-01 07:18:49.063,"[20, 2, 2, 2, 5080, 2, 0, 0, 1, 197, 1, 1]",
2023-02-01 07:18:50.070,"[20, 2, 2, 2, 5080, 2, 0, 0, 1, 197, 1, 1]",
2023-02-01 07:18:51.083,"[20, 2, 2, 2, 5053, 2, 0, 0, 1, 197, 1, 1]",
2023-02-01 07:18:53.083,"[20, 2, 2, 2, 5000, 2, 0, 0, 1, 197, 1, 1]",
2023-02-01 07:18:54.089,"[20, 2, 2, 2, 4948, 2, 0, 0, 1, 197, 1, 1]",
2023-02-01 07:18:55.106,"[20, 2, 2, 2, 4948, 2, 0, 0, 1, 197, 1, 1]",
2023-02-01 07:18:56.118,"[20, 2, 2, 2, 4922, 2, 0, 0, 1, 197, 1, 1]",
2023-02-01 07:18:57.119,"[20, 2, 2, 2, 4897, 2, 0, 0, 1, 197, 1, 1]",
2023-02-01 07:18:58.132,"[20, 2, 2, 2, 4846, 2, 0, 0, 1, 197, 1, 1]",
2023-02-01 07:18:59.165,"[20, 2, 2, 2, 4820, 2, 0, 0, 1, 197, 1, 1]",
2023-02-01 07:19:01.167,"[20, 2, 2, 2, 4795, 2, 0, 0, 1, 197, 1, 1]",
2023-02-01 07:19:02.185,"[20, 2, 2, 2, 4769, 2, 0, 0, 1, 197, 1, 1]",
2023-02-01 07:19:04.187,"[20, 2, 2, 2, 4718, 2, 0, 0, 1, 197, 1, 1]",
2023-02-01 07:19:05.194,"[20, 2, 2, 2, 4665, 2, 0, 0, 1, 197, 1, 1]",
2023-02-01 07:19:06.201,"[20, 2, 2, 2, 4665, 2, 0, 0, 1, 197, 1, 1]",
2023-02-01 07:19:08.230,"[20, 2, 2, 2, 4584, 2, 0, 0, 1, 197, 1, 1]",
2023-02-01 07:19:09.235,"[20, 2, 2, 2, 4584, 2, 0, 0, 1, 197, 1, 1]",
2023-02-01 07:19:11.233,"[20, 2, 2, 2, 4530, 2, 0, 0, 1, 197, 1, 1]",
2023-02-01 07:19:12.266,"[20, 2, 2, 2, 4503, 2, 0, 0, 1, 197, 1, 1]",
2023-02-01 07:19:13.272,"[20, 2, 2, 2, 4476, 2, 0, 0, 1, 197, 1, 1]",
2023-02-01 07:19:15.282,"[20, 2, 2, 2, 4422, 2, 0, 0, 1, 197, 1, 1]",
2023-02-01 07:19:16.303,"[20, 2, 2, 2, 4395, 2, 0, 0, 1, 197, 1, 1]",
2023-02-01 07:19:18.306,"[20, 2, 2, 2, 4341, 2, 0, 0, 1, 197, 1, 1]",
2023-02-01 07:19:20.305,"[20, 2, 2, 2, 4288, 2, 0, 0, 1, 197, 1, 1]",
2023-02-01 07:19:21.334,"[20, 2, 2, 2, 4261, 2, 0, 0, 1, 197, 1, 1]",
2023-02-01 07:19:23.338,"[20, 2, 2, 2, 4207, 2, 0, 0, 1, 197, 1, 1]",
2023-02-01 07:19:24.368,"[20, 2, 2, 2, 4154, 2, 0, 0, 1, 197, 1, 1]",
2023-02-01 07:19:26.361,"[20, 2, 2, 2, 4127, 2, 0, 0, 1, 197, 1, 1]",
2023-02-01 07:19:27.387,"[20, 2, 2, 2, 4100, 2, 0, 0, 1, 197, 1, 1]",
2023-02-01 07:19:29.397,"[20, 2, 2, 2, 4047, 2, 0, 0, 1, 197, 1, 1]",
2023-02-01 07:19:30.401,"[20, 2, 2, 2, 3993, 2, 0, 0, 1, 197, 1, 1]",
2023-02-01 07:19:31.413,"[20, 2, 2, 2, 3993, 2, 0, 0, 1, 197, 1, 1]",
2023-02-01 07:21:34.481,"[24, 2, 2, 2, 684, 1, 0, 0, 1, 197, 1, 1]",
2023-02-01 07:21:36.412,"[24, 2, 2, 2, 657, 1, 0, 0, 1, 197, 1, 1]",
2023-02-01 07:21:37.433,"[24, 2, 2, 2, 602, 1, 0, 0, 1, 197, 1, 1]",
2023-02-01 07:21:39.421,"[24, 2, 2, 2, 574, 1, 0, 0, 1, 197, 1, 1]",
2023-02-01 07:21:40.423,"[24, 2, 2, 2, 519, 1, 0, 0, 1, 197, 1, 1]",
2023-02-01 07:21:41.453,"[24, 2, 2, 2, 491, 1, 0, 0, 1, 197, 1, 1]",
2023-02-01 07:21:42.458,"[24, 2, 2, 2, 491, 1, 0, 0, 1, 197, 1, 1]",
2023-02-01 07:21:44.449,"[24, 2, 2, 2, 408, 1, 0, 0, 1, 197, 1, 1]",
2023-02-01 07:21:45.455,"[24, 2, 2, 2, 408, 1, 0, 0, 1, 197, 1, 1]",
2023-02-01 07:21:46.462,"[24, 2, 2, 2, 380, 1, 0, 0, 1, 197, 1, 1]",
2023-02-01 07:21:47.484,"[24, 2, 2, 2, 324, 1, 0, 0, 1, 197, 1, 1]",
2023-02-01 07:21:48.499,"[24, 2, 2, 2, 324, 1, 0, 0, 1, 197, 1, 1]",
2023-02-01 07:21:50.524,"[24, 2, 2, 2, 238, 1, 0, 0, 1, 197, 1, 1]",
2023-02-01 07:21:52.550,"[24, 2, 2, 2, 182, 1, 0, 0, 1, 197, 1, 1]",
2023-02-01 07:21:53.554,"[24, 2, 2, 2, 182, 1, 0, 0, 1, 197, 1, 1]",
2023-02-01 07:21:55.534,"[24, 2, 2, 2, 125, 1, 0, 0, 1, 197, 1, 1]",
2023-02-01 07:21:58.591,"[20, 2, 2, 2, 40, 2, 0, 0, 1, 197, 1, 1]",
2023-02-01 07:22:02.583,"[31, 2, 2, 0, 8191, 0, 0, 0, 0, 197, 1, 1]",
2023-02-01 07:22:03.632,"[31, 2, 2, 0, 8191, 0, 0, 0, 0, 197, 1, 1]",
2023-02-01 07:22:05.602,"[31, 2, 2, 0, 8191, 0, 0, 0, 0, 197, 1, 1]",
2023-02-01 07:22:06.637,"[31, 2, 2, 0, 8191, 0, 0, 0, 0, 197, 1, 1]",
2023-02-01 07:22:07.649,"[31, 2, 2, 0, 8191, 0, 0, 0, 0, 197, 1, 1]",
2023-02-01 07:22:08.657,"[31, 2, 2, 0, 8191, 0, 0, 0, 0, 197, 1, 1]",
2023-02-01 07:22:09.673,"[31, 2, 2, 0, 8191, 0, 0, 0, 0, 197, 1, 1]",
2023-02-01 07:22:11.673,"[31, 2, 2, 0, 8191, 0, 0, 0, 0, 197, 1, 1]",
2023-02-01 07:22:12.710,"[31, 2, 2, 0, 8191, 0, 0, 0, 0, 197, 1, 1]",
2023-02-01 07:22:14.678,"[31, 2, 2, 0, 8191, 0, 0, 0, 0, 197, 1, 1]",
2023-02-01 07:22:15.734,"[31, 2, 2, 0, 8191, 0, 0, 0, 0, 197, 1, 1]",
2023-02-01 07:22:16.740,"[31, 2, 2, 0, 8191, 0, 0, 0, 0, 197, 1, 1]",
2023-02-01 07:22:17.759,"[31, 2, 2, 0, 8191, 0, 0, 0, 0, 197, 1, 1]",
2023-02-01 07:22:19.763,"[31, 2, 2, 0, 8191, 0, 0, 0, 0, 197, 1, 1]",
2023-02-01 07:22:20.769,"[31, 2, 2, 0, 8191, 0, 0, 0, 0, 197, 1, 1]",
2023-02-01 07:22:22.764,"[31, 2, 2, 0, 8191, 0, 0, 0, 0, 197, 1, 1]",
2023-02-01 07:22:23.786,"[31, 2, 2, 0, 8191, 0, 0, 0, 0, 197, 1, 1]",
2023-02-01 07:22:24.792,"[31, 2, 2, 0, 8191, 0, 0, 0, 0, 197, 1, 1]",
2023-02-01 07:22:25.828,"[31, 2, 2, 0, 8191, 0, 0, 0, 0, 197, 1, 1]",
2023-02-01 07:22:27.818,"[31, 2, 2, 0, 8191, 0, 0, 0, 0, 197, 1, 1]",
2023-02-01 07:22:29.826,"[31, 2, 2, 0, 8191, 0, 0, 0, 0, 197, 1, 1]",
2023-02-01 07:22:30.854,"[31, 2, 2, 0, 8191, 0, 0, 0, 0, 197, 1, 1]",
2023-02-01 07:22:32.877,"[31, 2, 2, 0, 8191, 0, 0, 0, 0, 197, 1, 1]",
2023-02-01 07:22:34.862,"[31, 2, 2, 0, 8191, 0, 0, 0, 0, 197, 1, 1]",
2023-02-01 07:22:35.880,"[31, 2, 2, 0, 8191, 0, 0, 0, 0, 197, 1, 1]",
2023-02-01 07:22:37.915,"[31, 2, 2, 0, 8191, 0, 0, 0, 0, 197, 1, 1]",
2023-02-01 07:22:39.009,"[31, 2, 2, 0, 8191, 0, 0, 0, 0, 197, 1, 1]",
2023-02-01 07:22:40.910,"[31, 2, 2, 0, 8191, 0, 0, 0, 0, 197, 1, 1]",
2023-02-01 07:22:41.936,"[31, 2, 2, 0, 8191, 0, 0, 0, 0, 197, 1, 1]",
2023-02-01 07:22:42.968,"[31, 2, 2, 0, 8191, 0, 0, 0, 0, 197, 1, 1]",
2023-02-01 07:22:44.937,"[31, 2, 2, 0, 8191, 0, 0, 0, 0, 197, 1, 1]",
2023-02-01 07:22:45.945,"[31, 2, 2, 0, 8191, 0, 0, 0, 0, 197, 1, 1]",
2023-02-01 07:22:46.964,"[31, 2, 2, 0, 8191, 0, 0, 0, 0, 197, 1, 1]",
2023-02-01 07:22:48.115,"[31, 2, 2, 0, 8191, 0, 0, 0, 0, 197, 1, 1]",
2023-02-01 07:22:49.996,"[31, 2, 2, 0, 8191, 0, 0, 0, 0, 197, 1, 1]",
2023-02-01 07:22:51.988,"[31, 2, 2, 0, 8191, 0, 0, 0, 0, 197, 1, 1]",
2023-02-01 07:22:53.009,"[31, 2, 2, 0, 8191, 0, 0, 0, 0, 197, 1, 1]",
2023-02-01 07:22:54.038,"[31, 2, 2, 0, 8191, 0, 0, 0, 0, 197, 1, 1]",
2023-02-01 07:22:56.064,"[31, 2, 2, 0, 8191, 0, 0, 0, 0, 197, 1, 1]",
2023-02-01 07:22:58.066,"[31, 2, 2, 0, 8191, 0, 0, 0, 0, 197, 1, 1]",
2023-02-01 07:22:59.072,"[31, 2, 2, 0, 8191, 0, 0, 0, 0, 197, 1, 1]",
2023-02-01 07:23:01.062,"[31, 2, 2, 0, 8191, 0, 0, 0, 0, 197, 1, 1]",
2023-02-01 07:23:02.066,"[31, 2, 2, 0, 8191, 0, 0, 0, 0, 197, 1, 1]",
2023-02-01 07:23:03.087,"[31, 2, 2, 0, 8191, 0, 0, 0, 0, 197, 1, 1]",
2023-02-01 07:23:04.105,"[31, 2, 2, 0, 8191, 0, 0, 0, 0, 197, 1, 1]",
2023-02-01 07:23:05.095,"[31, 2, 2, 0, 8191, 0, 0, 0, 0, 197, 1, 1]",
2023-02-01 07:23:07.121,"[31, 2, 2, 0, 8191, 0, 0, 0, 0, 197, 1, 1]",
2023-02-01 07:23:08.141,"[31, 2, 2, 0, 8191, 0, 0, 0, 0, 197, 1, 1]",
2023-02-01 07:23:09.143,"[31, 2, 2, 0, 8191, 0, 0, 0, 0, 197, 1, 1]",
2023-02-01 07:23:10.172,"[31, 2, 2, 0, 8191, 0, 0, 0, 0, 197, 1, 1]",
2023-02-01 07:23:12.168,"[31, 2, 2, 0, 8191, 0, 0, 0, 0, 197, 1, 1]",
2023-02-01 07:23:14.177,"[31, 2, 2, 0, 8191, 0, 0, 0, 0, 197, 1, 1]",
2023-02-01 07:23:15.189,"[31, 2, 2, 0, 8191, 0, 0, 0, 0, 197, 1, 1]",
2023-02-01 07:23:16.192,"[31, 2, 2, 0, 8191, 0, 0, 0, 0, 197, 1, 1]",
2023-02-01 07:23:17.198,"[31, 2, 2, 0, 8191, 0, 0, 0, 0, 197, 1, 1]",
2023-02-01 07:23:18.220,"[31, 2, 2, 0, 8191, 0, 0, 0, 0, 197, 1, 1]",
2023-02-01 07:23:20.223,"[24, 2, 2, 2, 6016, 2, 0, 0, 1, 197, 1, 1]",
2023-02-01 07:23:22.239,"[24, 2, 2, 2, 5992, 2, 0, 0, 1, 197, 1, 1]",
2023-02-01 07:23:23.247,"[24, 2, 2, 2, 5946, 2, 0, 0, 1, 197, 1, 1]",
2023-02-01 07:23:25.258,"[24, 2, 2, 2, 5901, 2, 0, 0, 1, 197, 1, 1]",
2023-02-01 07:23:27.285,"[24, 2, 2, 2, 5877, 2, 0, 0, 1, 197, 1, 1]",
2023-02-01 07:23:29.265,"[24, 2, 2, 2, 5830, 2, 0, 0, 1, 197, 1, 1]",
2023-02-01 07:23:30.266,"[24, 2, 2, 2, 5808, 2, 0, 0, 1, 197, 1, 1]",
2023-02-01 07:23:31.280,"[24, 2, 2, 2, 5785, 2, 0, 0, 1, 197, 1, 1]",
2023-02-01 07:23:32.304,"[24, 2, 2, 2, 5762, 2, 0, 0, 1, 197, 1, 1]",
2023-02-01 07:23:33.316,"[24, 2, 2, 2, 5740, 2, 0, 0, 1, 197, 1, 1]",
2023-02-01 07:23:34.338,"[24, 2, 2, 2, 5717, 2, 0, 0, 1, 197, 1, 1]",
2023-02-01 07:23:36.328,"[24, 2, 2, 2, 5645, 2, 0, 0, 1, 197, 1, 1]",
2023-02-01 07:23:38.331,"[24, 2, 2, 2, 5620, 2, 0, 0, 1, 197, 1, 1]",
2023-02-01 07:23:39.343,"[24, 2, 2, 2, 5594, 2, 0, 0, 1, 197, 1, 1]",
2023-02-01 07:23:41.355,"[24, 2, 2, 2, 5541, 2, 0, 0, 1, 197, 1, 1]",
2023-02-01 07:23:43.364,"[24, 2, 2, 2, 5487, 2, 0, 0, 1, 197, 1, 1]",
2023-02-01 07:23:44.386,"[24, 2, 2, 2, 5460, 2, 0, 0, 1, 197, 1, 1]",
2023-02-01 07:23:46.383,"[24, 2, 2, 2, 5405, 2, 0, 0, 1, 197, 1, 1]",
2023-02-01 07:23:47.405,"[24, 2, 2, 2, 5378, 2, 0, 0, 1, 197, 1, 1]",
2023-02-01 07:23:49.425,"[24, 2, 2, 2, 5322, 2, 0, 0, 1, 197, 1, 1]",
2023-02-01 07:23:50.432,"[24, 2, 2, 2, 5293, 2, 0, 0, 1, 197, 1, 1]",
2023-02-01 07:23:51.440,"[24, 2, 2, 2, 5264, 2, 0, 0, 1, 197, 1, 1]",
2023-02-01 07:23:53.455,"[24, 2, 2, 2, 5180, 2, 0, 0, 1, 197, 1, 1]",
2023-02-01 07:23:55.452,"[24, 2, 2, 2, 5152, 2, 0, 0, 1, 197, 1, 1]",
2023-02-01 07:23:56.486,"[24, 2, 2, 2, 5097, 2, 0, 0, 1, 197, 1, 1]",
2023-02-01 07:23:58.488,"[24, 2, 2, 2, 5069, 2, 0, 0, 1, 197, 1, 1]",
2023-02-01 07:24:00.493,"[24, 2, 2, 2, 4986, 2, 0, 0, 1, 197, 1, 1]",
2023-02-01 07:24:01.493,"[24, 2, 2, 2, 4986, 2, 0, 0, 1, 197, 1, 1]",
2023-02-01 07:24:02.516,"[24, 2, 2, 2, 4959, 2, 0, 0, 1, 197, 1, 1]",
2023-02-01 07:24:04.529,"[24, 2, 2, 2, 4902, 2, 0, 0, 1, 197, 1, 1]",
2023-02-01 07:24:05.523,"[24, 2, 2, 2, 4874, 2, 0, 0, 1, 197, 1, 1]",
2023-02-01 07:24:06.550,"[24, 2, 2, 2, 4845, 2, 0, 0, 1, 197, 1, 1]",
2023-02-01 07:24:08.555,"[24, 2, 2, 2, 4788, 2, 0, 0, 1, 197, 1, 1]",
2023-02-01 07:24:10.557,"[24, 2, 2, 2, 4733, 2, 0, 0, 1, 197, 1, 1]",
2023-02-01 07:24:12.567,"[24, 2, 2, 2, 4680, 2, 0, 0, 1, 197, 1, 1]",
2023-02-01 07:24:13.575,"[24, 2, 2, 2, 4653, 2, 0, 0, 1, 197, 1, 1]",
2023-02-01 07:24:14.582,"[24, 2, 2, 2, 4626, 2, 0, 0, 1, 197, 1, 1]",
2023-02-01 07:24:15.599,"[24, 2, 2, 2, 4599, 2, 0, 0, 1, 197, 1, 1]",
2023-02-01 07:24:17.614,"[24, 2, 2, 2, 4544, 2, 0, 0, 1, 197, 1, 1]",
2023-02-01 07:24:18.642,"[24, 2, 2, 2, 4517, 2, 0, 0, 1, 197, 1, 1]",
2023-02-01 07:24:20.614,"[24, 2, 2, 2, 4462, 2, 0, 0, 1, 197, 1, 1]",
2023-02-01 07:24:21.646,"[24, 2, 2, 2, 4433, 2, 0, 0, 1, 197, 1, 1]",
2023-02-01 07:24:22.664,"[24, 2, 2, 2, 4379, 2, 0, 0, 1, 197, 1, 1]",
2023-02-01 07:24:24.659,"[24, 2, 2, 2, 4351, 2, 0, 0, 1, 197, 1, 1]",
2023-02-01 07:24:26.670,"[24, 2, 2, 2, 4295, 2, 0, 0, 1, 197, 1, 1]",
2023-02-01 07:24:27.694,"[24, 2, 2, 2, 4268, 2, 0, 0, 1, 197, 1, 1]",
2023-02-01 07:24:29.691,"[24, 2, 2, 2, 4212, 2, 0, 0, 1, 197, 1, 1]",
2023-02-01 07:24:30.681,"[24, 2, 2, 2, 4184, 2, 0, 0, 1, 197, 1, 1]",
2023-02-01 07:24:31.722,"[24, 2, 2, 2, 4156, 2, 0, 0, 1, 197, 1, 1]",
2023-02-01 07:24:33.730,"[24, 2, 2, 2, 4101, 2, 0, 0, 1, 197, 1, 1]",
2023-02-01 07:24:35.748,"[24, 2, 2, 2, 4047, 2, 0, 0, 1, 197, 1, 1]",
2023-02-01 07:24:36.748,"[24, 2, 2, 2, 3993, 2, 0, 0, 1, 197, 1, 1]",
2023-02-01 07:24:38.726,"[24, 2, 2, 2, 3966, 2, 0, 0, 1, 197, 1, 1]",
2023-02-01 07:24:39.754,"[24, 2, 2, 2, 3940, 2, 0, 0, 1, 197, 1, 1]",
2023-02-01 07:24:41.758,"[24, 2, 2, 2, 3859, 2, 0, 0, 1, 197, 1, 1]",
2023-02-01 07:24:42.787,"[24, 2, 2, 2, 3859, 2, 0, 0, 1, 197, 1, 1]",
2023-02-01 07:24:44.805,"[24, 2, 2, 2, 3804, 2, 0, 0, 1, 197, 1, 1]",
2023-02-01 07:24:46.811,"[24, 2, 2, 2, 3751, 2, 0, 0, 1, 197, 1, 1]",
2023-02-01 07:24:47.834,"[24, 2, 2, 2, 3724, 2, 0, 0, 1, 197, 1, 1]",
2023-02-01 07:24:48.839,"[24, 2, 2, 2, 3697, 2, 0, 0, 1, 197, 1, 1]",
2023-02-01 07:24:50.843,"[24, 2, 2, 2, 3615, 2, 0, 0, 1, 197, 1, 1]",
2023-02-01 07:24:51.844,"[24, 2, 2, 2, 3615, 2, 0, 0, 1, 197, 1, 1]",
2023-02-01 07:24:52.858,"[24, 2, 2, 2, 3588, 2, 0, 0, 1, 197, 1, 1]",
2023-02-01 07:24:53.875,"[24, 2, 2, 2, 3561, 2, 0, 0, 1, 197, 1, 1]",
2023-02-01 07:24:55.906,"[24, 2, 2, 2, 3508, 2, 0, 0, 1, 197, 1, 1]",
2023-02-01 07:24:57.904,"[24, 2, 2, 2, 3454, 2, 0, 0, 1, 197, 1, 1]",
2023-02-01 07:24:58.927,"[24, 2, 2, 2, 3426, 2, 0, 0, 1, 197, 1, 1]",
2023-02-01 07:25:00.920,"[24, 2, 2, 2, 3371, 2, 0, 0, 1, 197, 1, 1]",
2023-02-01 07:25:02.947,"[24, 2, 2, 2, 3315, 2, 0, 0, 1, 197, 1, 1]",
2023-02-01 07:25:04.943,"[24, 2, 2, 2, 3233, 2, 0, 0, 1, 197, 1, 1]",
2023-02-01 07:25:05.967,"[24, 2, 2, 2, 3233, 2, 0, 0, 1, 197, 1, 1]",
2023-02-01 07:25:06.974,"[24, 2, 2, 2, 3205, 2, 0, 0, 1, 197, 1, 1]",
2023-02-01 07:25:08.008,"[24, 2, 2, 2, 3178, 2, 0, 0, 1, 197, 1, 1]",
2023-02-01 07:25:10.000,"[24, 2, 2, 2, 3123, 2, 0, 0, 1, 197, 1, 1]",
2023-02-01 07:25:11.006,"[24, 2, 2, 2, 3095, 2, 0, 0, 1, 197, 1, 1]",
2023-02-01 07:25:12.030,"[24, 2, 2, 2, 3069, 2, 0, 0, 1, 197, 1, 1]",
2023-02-01 07:25:14.030,"[24, 2, 2, 2, 3014, 2, 0, 0, 1, 197, 1, 1]",
2023-02-01 07:25:15.042,"[24, 2, 2, 2, 1980, 2, 0, 0, 1, 197, 1, 1]",
2023-02-01 07:25:39.231,"[24, 2, 2, 2, 1308, 2, 0, 0, 1, 197, 1, 1]",
2023-02-01 07:26:02.419,"[24, 2, 2, 2, 609, 2, 0, 0, 1, 197, 1, 1]",
2023-02-01 07:26:19.556,"[24, 2, 2, 2, 133, 2, 0, 0, 1, 197, 1, 1]",
2023-02-01 07:26:24.633,"[24, 2, 2, 2, 1003, 2, 0, 0, 1, 197, 1, 1]",
2023-02-01 07:26:30.671,"[24, 2, 2, 2, 865, 2, 0, 0, 1, 197, 1, 1]",
2023-02-01 07:26:31.684,"[24, 2, 2, 2, 810, 2, 0, 0, 1, 197, 1, 1]",
2023-02-01 07:26:33.690,"[24, 2, 2, 2, 783, 2, 0, 0, 1, 197, 1, 1]",
2023-02-01 07:26:34.703,"[24, 2, 2, 2, 728, 2, 0, 0, 1, 197, 1, 1]",
2023-02-01 07:26:35.709,"[24, 2, 2, 2, 701, 2, 0, 0, 1, 197, 1, 1]",
2023-02-01 07:26:41.766,"[24, 2, 2, 2, 567, 2, 0, 0, 1, 197, 1, 1]",
2023-02-01 07:26:43.759,"[24, 2, 2, 2, 512, 2, 0, 0, 1, 197, 1, 1]",
2023-02-01 07:26:44.785,"[24, 2, 2, 2, 457, 2, 0, 0, 1, 197, 1, 1]",
2023-02-01 07:26:45.792,"[24, 2, 2, 2, 457, 2, 0, 0, 1, 197, 1, 1]",
2023-02-01 07:26:46.811,"[24, 2, 2, 2, 430, 2, 0, 0, 1, 197, 1, 1]",
2023-02-01 07:26:48.824,"[24, 2, 2, 2, 376, 2, 0, 0, 1, 197, 1, 1]",
2023-02-01 07:26:50.837,"[24, 2, 2, 2, 295, 2, 0, 0, 1, 197, 1, 1]",
2023-02-01 07:26:51.849,"[24, 2, 2, 2, 295, 2, 0, 0, 1, 197, 1, 1]",
2023-02-01 07:26:53.870,"[24, 2, 2, 2, 240, 2, 0, 0, 1, 197, 1, 1]",
2023-02-01 07:26:54.876,"[24, 2, 2, 2, 186, 2, 0, 0, 1, 197, 1, 1]",
2023-02-01 07:26:55.887,"[24, 2, 2, 2, 186, 2, 0, 0, 1, 197, 1, 1]",
2023-02-01 07:26:57.885,"[24, 2, 2, 2, 130, 2, 0, 0, 1, 197, 1, 1]",
2023-02-01 07:26:58.916,"[24, 2, 2, 2, 103, 2, 0, 0, 1, 197, 1, 1]",
2023-02-01 07:27:04.961,"[31, 2, 2, 0, 8191, 0, 0, 0, 0, 197, 1, 1]",
2023-02-01 07:27:05.984,"[31, 2, 2, 0, 8191, 0, 0, 0, 0, 197, 1, 1]",
2023-02-01 07:27:07.965,"[31, 2, 2, 0, 8191, 0, 0, 0, 0, 197, 1, 1]",
2023-02-01 07:27:08.980,"[31, 2, 2, 0, 8191, 0, 0, 0, 0, 197, 1, 1]",
2023-02-01 07:27:09.982,"[31, 2, 2, 0, 8191, 0, 0, 0, 0, 197, 1, 1]",
2023-02-01 07:27:11.000,"[31, 2, 2, 0, 8191, 0, 0, 0, 0, 197, 1, 1]",
2023-02-01 07:27:12.007,"[31, 2, 2, 0, 8191, 0, 0, 0, 0, 197, 1, 1]",
2023-02-01 07:27:13.998,"[31, 2, 2, 0, 8191, 0, 0, 0, 0, 197, 1, 1]",
2023-02-01 07:27:15.025,"[31, 2, 2, 0, 8191, 0, 0, 0, 0, 197, 1, 1]",
2023-02-01 07:27:16.033,"[31, 2, 2, 0, 8191, 0, 0, 0, 0, 197, 1, 1]",
2023-02-01 07:27:18.053,"[31, 2, 2, 0, 8191, 0, 0, 0, 0, 197, 1, 1]",
2023-02-01 07:27:19.073,"[31, 2, 2, 0, 8191, 0, 0, 0, 0, 197, 1, 1]",
2023-02-01 07:27:20.109,"[31, 2, 2, 0, 8191, 0, 0, 0, 0, 197, 1, 1]",
2023-02-01 07:27:22.083,"[31, 2, 2, 0, 8191, 0, 0, 0, 0, 197, 1, 1]",
2023-02-01 07:27:24.177,"[31, 2, 2, 0, 8191, 0, 0, 0, 0, 197, 1, 1]",
2023-02-01 07:27:26.124,"[31, 2, 2, 0, 8191, 0, 0, 0, 0, 197, 1, 1]",
2023-02-01 07:27:28.130,"[31, 2, 2, 0, 8191, 0, 0, 0, 0, 197, 1, 1]",
2023-02-01 07:27:30.137,"[31, 2, 2, 0, 8191, 0, 0, 0, 0, 197, 1, 1]",
2023-02-01 07:27:31.151,"[31, 2, 2, 0, 8191, 0, 0, 0, 0, 197, 1, 1]",
2023-02-01 07:27:32.179,"[31, 2, 2, 0, 8191, 0, 0, 0, 0, 197, 1, 1]",
2023-02-01 07:27:34.190,"[31, 2, 2, 0, 8191, 0, 0, 0, 0, 197, 1, 1]",
2023-02-01 07:27:36.183,"[31, 2, 2, 0, 8191, 0, 0, 0, 0, 197, 1, 1]",
2023-02-01 07:27:37.217,"[31, 2, 2, 0, 8191, 0, 0, 0, 0, 197, 1, 1]",
2023-02-01 07:27:39.224,"[31, 2, 2, 0, 8191, 0, 0, 0, 0, 197, 1, 1]",
2023-02-01 07:27:41.248,"[31, 2, 2, 0, 8191, 0, 0, 0, 0, 197, 1, 1]",
2023-02-01 07:27:43.250,"[31, 2, 2, 0, 8191, 0, 0, 0, 0, 197, 1, 1]",
2023-02-01 07:27:44.262,"[31, 2, 2, 0, 8191, 0, 0, 0, 0, 197, 1, 1]",
2023-02-01 07:27:46.294,"[31, 2, 2, 0, 8191, 0, 0, 0, 0, 197, 1, 1]",
2023-02-01 07:27:47.299,"[31, 2, 2, 0, 8191, 0, 0, 0, 0, 197, 1, 1]",
2023-02-01 07:27:49.316,"[31, 2, 2, 0, 8191, 0, 0, 0, 0, 197, 1, 1]",
2023-02-01 07:27:50.318,"[31, 2, 2, 0, 8191, 0, 0, 0, 0, 197, 1, 1]",
2023-02-01 07:27:51.329,"[31, 2, 2, 0, 8191, 0, 0, 0, 0, 197, 1, 1]",
2023-02-01 07:27:52.337,"[31, 2, 2, 0, 8191, 0, 0, 0, 0, 197, 1, 1]",
2023-02-01 07:27:53.357,"[31, 2, 2, 0, 8191, 0, 0, 0, 0, 197, 1, 1]",
2023-02-01 07:27:55.351,"[31, 2, 2, 0, 8191, 0, 0, 0, 0, 197, 1, 1]",
2023-02-01 07:27:57.365,"[31, 2, 2, 0, 8191, 0, 0, 0, 0, 197, 1, 1]",
2023-02-01 07:27:58.383,"[31, 2, 2, 0, 8191, 0, 0, 0, 0, 197, 1, 1]",
2023-02-01 07:27:59.400,"[31, 2, 2, 0, 8191, 0, 0, 0, 0, 197, 1, 1]",
2023-02-01 07:28:01.406,"[31, 2, 2, 0, 8191, 0, 0, 0, 0, 197, 1, 1]",
2023-02-01 07:28:03.396,"[31, 2, 2, 0, 8191, 0, 0, 0, 0, 197, 1, 1]",
2023-02-01 07:28:04.410,"[31, 2, 2, 0, 8191, 0, 0, 0, 0, 197, 1, 1]",
2023-02-01 07:28:05.418,"[31, 2, 2, 0, 8191, 0, 0, 0, 0, 197, 1, 1]",
2023-02-01 07:28:06.461,"[31, 2, 2, 0, 8191, 0, 0, 0, 0, 197, 1, 1]",
2023-02-01 07:28:08.451,"[31, 2, 2, 0, 8191, 0, 0, 0, 0, 197, 1, 1]",
2023-02-01 07:28:09.472,"[31, 2, 2, 0, 8191, 0, 0, 0, 0, 197, 1, 1]",
2023-02-01 07:28:11.500,"[31, 2, 2, 0, 8191, 0, 0, 0, 0, 197, 1, 1]",
2023-02-01 07:28:12.501,"[31, 2, 2, 0, 8191, 0, 0, 0, 0, 197, 1, 1]",
2023-02-01 07:28:14.489,"[31, 2, 2, 0, 8191, 0, 0, 0, 0, 197, 1, 1]",
2023-02-01 07:28:15.520,"[31, 2, 2, 0, 8191, 0, 0, 0, 0, 197, 1, 1]",
2023-02-01 07:28:34.662,"[24, 2, 2, 2, 1851, 2, 0, 0, 1, 197, 1, 1]",
2023-02-01 07:28:42.726,"[24, 2, 2, 2, 1661, 2, 0, 0, 1, 197, 1, 1]",
2023-02-01 07:28:44.727,"[24, 2, 2, 2, 1606, 2, 0, 0, 1, 197, 1, 1]",
2023-02-01 07:28:46.779,"[24, 2, 2, 2, 1550, 2, 0, 0, 1, 197, 1, 1]",
2023-02-01 07:28:52.819,"[24, 2, 2, 2, 1385, 2, 0, 0, 1, 197, 1, 1]",
2023-02-01 07:28:58.857,"[24, 2, 2, 2, 1218, 2, 0, 0, 1, 197, 1, 1]",
2023-02-01 07:29:13.980,"[24, 2, 2, 2, 815, 2, 0, 0, 1, 197, 1, 1]",
2023-02-01 07:29:23.083,"[24, 2, 2, 2, 561, 2, 0, 0, 1, 197, 1, 1]",
2023-02-01 07:29:26.102,"[24, 2, 2, 2, 476, 2, 0, 0, 1, 197, 1, 1]",
2023-02-01 07:29:29.089,"[24, 2, 2, 2, 393, 2, 0, 0, 1, 197, 1, 1]",
2023-02-01 07:29:39.231,"[24, 2, 2, 2, 114, 2, 0, 0, 1, 197, 1, 1]",
2023-02-01 07:30:00.480,"[24, 2, 2, 2, 3212, 2, 0, 0, 1, 197, 1, 1]",
2023-02-01 07:30:02.288,"[24, 2, 2, 2, 3185, 2, 0, 0, 1, 197, 1, 1]",
2023-02-01 07:30:04.255,"[24, 2, 2, 2, 3104, 2, 0, 0, 1, 197, 1, 1]",
2023-02-01 07:30:05.309,"[24, 2, 2, 2, 3104, 2, 0, 0, 1, 197, 1, 1]",
2023-02-01 07:30:07.311,"[24, 2, 2, 2, 3048, 2, 0, 0, 1, 197, 1, 1]",
2023-02-01 07:30:09.314,"[24, 2, 2, 2, 2994, 2, 0, 0, 1, 197, 1, 1]",
2023-02-01 07:30:10.327,"[24, 2, 2, 2, 2966, 2, 0, 0, 1, 197, 1, 1]",
2023-02-01 07:30:12.320,"[24, 2, 2, 2, 2912, 2, 0, 0, 1, 197, 1, 1]",
2023-02-01 07:30:13.327,"[24, 2, 2, 2, 2884, 2, 0, 0, 1, 197, 1, 1]",
2023-02-01 07:30:14.363,"[24, 2, 2, 2, 2857, 2, 0, 0, 1, 197, 1, 1]",
2023-02-01 07:30:15.357,"[24, 2, 2, 2, 2800, 2, 0, 0, 1, 197, 1, 1]",
2023-02-01 07:30:16.425,"[24, 2, 2, 2, 2800, 2, 0, 0, 1, 197, 1, 1]",
2023-02-01 07:30:18.380,"[24, 2, 2, 2, 2743, 2, 0, 0, 1, 197, 1, 1]",
2023-02-01 07:30:19.389,"[24, 2, 2, 2, 2715, 2, 0, 0, 1, 197, 1, 1]",
2023-02-01 07:30:20.405,"[24, 2, 2, 2, 2686, 2, 0, 0, 1, 197, 1, 1]",
2023-02-01 07:30:22.420,"[24, 2, 2, 2, 2630, 2, 0, 0, 1, 197, 1, 1]",
2023-02-01 07:30:23.438,"[24, 2, 2, 2, 2601, 2, 0, 0, 1, 197, 1, 1]",
2023-02-01 07:30:25.460,"[24, 2, 2, 2, 2545, 2, 0, 0, 1, 197, 1, 1]",
2023-02-01 07:30:27.461,"[24, 2, 2, 2, 2489, 2, 0, 0, 1, 197, 1, 1]",
2023-02-01 07:30:28.462,"[24, 2, 2, 2, 2461, 2, 0, 0, 1, 197, 1, 1]",
2023-02-01 07:30:29.479,"[24, 2, 2, 2, 2433, 2, 0, 0, 1, 197, 1, 1]",
2023-02-01 07:30:31.497,"[24, 2, 2, 2, 2377, 2, 0, 0, 1, 197, 1, 1]",
2023-02-01 07:30:32.505,"[24, 2, 2, 2, 2320, 2, 0, 0, 1, 197, 1, 1]",
2023-02-01 07:30:34.522,"[24, 2, 2, 2, 2292, 2, 0, 0, 1, 197, 1, 1]",
2023-02-01 07:30:35.534,"[24, 2, 2, 2, 2264, 2, 0, 0, 1, 197, 1, 1]",
2023-02-01 07:30:37.540,"[24, 2, 2, 2, 2208, 2, 0, 0, 1, 197, 1, 1]",
2023-02-01 07:30:38.550,"[24, 2, 2, 2, 2180, 2, 0, 0, 1, 197, 1, 1]",
2023-02-01 07:30:40.552,"[24, 2, 2, 2, 2125, 2, 0, 0, 1, 197, 1, 1]",
2023-02-01 07:30:41.602,"[24, 2, 2, 2, 2098, 2, 0, 0, 1, 197, 1, 1]",
2023-02-01 07:30:43.583,"[24, 2, 2, 2, 2044, 2, 0, 0, 1, 197, 1, 1]",
2023-02-01 07:30:45.576,"[24, 2, 2, 2, 1989, 2, 0, 0, 1, 197, 1, 1]",
2023-02-01 07:30:46.601,"[24, 2, 2, 2, 1962, 2, 0, 0, 1, 197, 1, 1]",
2023-02-01 07:30:47.605,"[24, 2, 2, 2, 1934, 2, 0, 0, 1, 197, 1, 1]",
2023-02-01 07:30:48.647,"[24, 2, 2, 2, 1906, 2, 0, 0, 1, 197, 1, 1]",
2023-02-01 07:30:50.664,"[24, 2, 2, 2, 1850, 2, 0, 0, 1, 197, 1, 1]",
2023-02-01 07:30:53.662,"[24, 2, 2, 2, 1766, 2, 0, 0, 1, 197, 1, 1]",
2023-02-01 07:30:56.688,"[24, 2, 2, 2, 1683, 2, 0, 0, 1, 197, 1, 1]",
2023-02-01 07:31:00.721,"[24, 2, 2, 2, 1572, 2, 0, 0, 1, 197, 1, 1]",
2023-02-01 07:31:02.693,"[24, 2, 2, 2, 1517, 2, 0, 0, 1, 197, 1, 1]",
2023-02-01 07:31:04.740,"[24, 2, 2, 2, 1463, 2, 0, 0, 1, 197, 1, 1]",
2023-02-01 07:31:06.738,"[24, 2, 2, 2, 1409, 2, 0, 0, 1, 197, 1, 1]",
2023-02-01 07:31:08.752,"[24, 2, 2, 2, 1354, 2, 0, 0, 1, 197, 1, 1]",
2023-02-01 07:31:09.785,"[24, 2, 2, 2, 1327, 2, 0, 0, 1, 197, 1, 1]",
2023-02-01 07:31:11.797,"[24, 2, 2, 2, 1271, 2, 0, 0, 1, 197, 1, 1]",
2023-02-01 07:31:12.823,"[24, 2, 2, 2, 1243, 2, 0, 0, 1, 197, 1, 1]",
2023-02-01 07:31:15.870,"[24, 2, 2, 2, 1158, 2, 0, 0, 1, 197, 1, 1]",
2023-02-01 07:31:20.854,"[24, 2, 2, 2, 1019, 2, 0, 0, 1, 197, 1, 1]",
2023-02-01 07:31:21.906,"[24, 2, 2, 2, 991, 2, 0, 0, 1, 197, 1, 1]",
2023-02-01 07:31:25.908,"[24, 2, 2, 2, 851, 2, 0, 0, 1, 197, 1, 1]",
2023-02-01 07:31:27.903,"[24, 2, 2, 2, 823, 2, 0, 0, 1, 197, 1, 1]",
2023-02-01 07:31:28.911,"[24, 2, 2, 2, 795, 2, 0, 0, 1, 197, 1, 1]",
2023-02-01 07:31:31.922,"[24, 2, 2, 2, 713, 2, 0, 0, 1, 197, 1, 1]",
2023-02-01 07:31:32.946,"[24, 2, 2, 2, 686, 2, 0, 0, 1, 197, 1, 1]",
2023-02-01 07:31:35.983,"[24, 2, 2, 2, 604, 2, 0, 0, 1, 197, 1, 1]",
2023-02-01 07:31:36.995,"[24, 2, 2, 2, 549, 2, 0, 0, 1, 197, 1, 1]",
2023-02-01 07:31:44.003,"[24, 2, 2, 2, 387, 2, 0, 0, 1, 197, 1, 1]",
2023-02-01 07:31:49.054,"[24, 2, 2, 2, 252, 2, 0, 0, 1, 197, 1, 1]",
2023-02-01 07:31:50.057,"[24, 2, 2, 2, 225, 2, 0, 0, 1, 197, 1, 1]",
2023-02-01 07:31:52.066,"[24, 2, 2, 2, 171, 2, 0, 0, 1, 197, 1, 1]",
2023-02-01 07:31:53.081,"[24, 2, 2, 2, 144, 2, 0, 0, 1, 197, 1, 1]",
2023-02-01 07:31:55.087,"[24, 2, 2, 2, 90, 2, 0, 0, 1, 197, 1, 1]",
2023-02-01 07:31:57.117,"[24, 2, 2, 2, 34, 2, 0, 0, 1, 197, 1, 1]",
2023-02-01 07:31:58.117,"[24, 2, 2, 2, 7, 2, 0, 0, 1, 197, 1, 1]",
2023-02-01 07:32:01.150,"[31, 2, 2, 0, 8191, 0, 0, 0, 0, 197, 1, 1]",
2023-02-01 07:32:02.150,"[31, 2, 2, 0, 8191, 0, 0, 0, 0, 197, 1, 1]",
2023-02-01 07:32:03.164,"[31, 2, 2, 0, 8191, 0, 0, 0, 0, 197, 1, 1]",
2023-02-01 07:32:04.190,"[31, 2, 2, 0, 8191, 0, 0, 0, 0, 197, 1, 1]",
2023-02-01 07:32:06.193,"[31, 2, 2, 0, 8191, 0, 0, 0, 0, 197, 1, 1]",
2023-02-01 07:32:07.208,"[31, 2, 2, 0, 8191, 0, 0, 0, 0, 197, 1, 1]",
2023-02-01 07:32:08.222,"[31, 2, 2, 0, 8191, 0, 0, 0, 0, 197, 1, 1]",
2023-02-01 07:32:10.238,"[31, 2, 2, 0, 8191, 0, 0, 0, 0, 197, 1, 1]",
2023-02-01 07:32:12.240,"[31, 2, 2, 0, 8191, 0, 0, 0, 0, 197, 1, 1]",
2023-02-01 07:32:13.243,"[31, 2, 2, 0, 8191, 0, 0, 0, 0, 197, 1, 1]",
2023-02-01 07:32:14.246,"[31, 2, 2, 0, 8191, 0, 0, 0, 0, 197, 1, 1]",
2023-02-01 07:32:15.253,"[31, 2, 2, 0, 8191, 0, 0, 0, 0, 197, 1, 1]",
2023-02-01 07:32:16.272,"[31, 2, 2, 0, 8191, 0, 0, 0, 0, 197, 1, 1]",
2023-02-01 07:32:17.306,"[31, 2, 2, 0, 8191, 0, 0, 0, 0, 197, 1, 1]",
2023-02-01 07:32:19.310,"[31, 2, 2, 0, 8191, 0, 0, 0, 0, 197, 1, 1]",
2023-02-01 07:32:21.332,"[31, 2, 2, 0, 8191, 0, 0, 0, 0, 197, 1, 1]",
2023-02-01 07:32:22.337,"[31, 2, 2, 0, 8191, 0, 0, 0, 0, 197, 1, 1]",
2023-02-01 07:32:23.355,"[31, 2, 2, 0, 8191, 0, 0, 0, 0, 197, 1, 1]",
2023-02-01 07:32:24.352,"[31, 2, 2, 0, 8191, 0, 0, 0, 0, 197, 1, 1]",
2023-02-01 07:32:25.382,"[31, 2, 2, 0, 8191, 0, 0, 0, 0, 197, 1, 1]",
2023-02-01 07:32:26.388,"[31, 2, 2, 0, 8191, 0, 0, 0, 0, 197, 1, 1]",
2023-02-01 07:32:28.394,"[31, 2, 2, 0, 8191, 0, 0, 0, 0, 197, 1, 1]",
2023-02-01 07:32:29.404,"[31, 2, 2, 0, 8191, 0, 0, 0, 0, 197, 1, 1]",
2023-02-01 07:32:30.425,"[31, 2, 2, 0, 8191, 0, 0, 0, 0, 197, 1, 1]",
2023-02-01 07:32:31.418,"[31, 2, 2, 0, 8191, 0, 0, 0, 0, 197, 1, 1]",
2023-02-01 07:32:33.428,"[31, 2, 2, 0, 8191, 0, 0, 0, 0, 197, 1, 1]",
2023-02-01 07:32:34.441,"[31, 2, 2, 0, 8191, 0, 0, 0, 0, 197, 1, 1]",
2023-02-01 07:32:35.447,"[31, 2, 2, 0, 8191, 0, 0, 0, 0, 197, 1, 1]",
2023-02-01 07:32:36.456,"[31, 2, 2, 0, 8191, 0, 0, 0, 0, 197, 1, 1]",
2023-02-01 07:32:37.461,"[31, 2, 2, 0, 8191, 0, 0, 0, 0, 197, 1, 1]",
2023-02-01 07:32:38.479,"[31, 2, 2, 0, 8191, 0, 0, 0, 0, 197, 1, 1]",
2023-02-01 07:32:39.485,"[31, 2, 2, 0, 8191, 0, 0, 0, 0, 197, 1, 1]",
2023-02-01 07:32:40.496,"[31, 2, 2, 0, 8191, 0, 0, 0, 0, 197, 1, 1]",
2023-02-01 07:32:42.494,"[31, 2, 2, 0, 8191, 0, 0, 0, 0, 197, 1, 1]",
2023-02-01 07:32:43.503,"[31, 2, 2, 0, 8191, 0, 0, 0, 0, 197, 1, 1]",
2023-02-01 07:32:44.527,"[31, 2, 2, 0, 8191, 0, 0, 0, 0, 197, 1, 1]",
2023-02-01 07:32:45.534,"[31, 2, 2, 0, 8191, 0, 0, 0, 0, 197, 1, 1]",
2023-02-01 07:32:46.566,"[31, 2, 2, 0, 8191, 0, 0, 0, 0, 197, 1, 1]",
2023-02-01 07:32:48.549,"[31, 2, 2, 0, 8191, 0, 0, 0, 0, 197, 1, 1]",
2023-02-01 07:32:49.579,"[31, 2, 2, 0, 8191, 0, 0, 0, 0, 197, 1, 1]",
2023-02-01 07:32:50.586,"[31, 2, 2, 0, 8191, 0, 0, 0, 0, 197, 1, 1]",
2023-02-01 07:32:52.587,"[31, 2, 2, 0, 8191, 0, 0, 0, 0, 197, 1, 1]",
2023-02-01 07:32:53.595,"[31, 2, 2, 0, 8191, 0, 0, 0, 0, 197, 1, 1]",
2023-02-01 07:32:55.618,"[31, 2, 2, 0, 8191, 0, 0, 0, 0, 197, 1, 1]",
2023-02-01 07:32:56.620,"[31, 2, 2, 0, 8191, 0, 0, 0, 0, 197, 1, 1]",
2023-02-01 07:32:57.642,"[31, 2, 2, 0, 8191, 0, 0, 0, 0, 197, 1, 1]",
2023-02-01 07:32:58.631,"[31, 2, 2, 0, 8191, 0, 0, 0, 0, 197, 1, 1]",
2023-02-01 07:32:59.653,"[31, 2, 2, 0, 8191, 0, 0, 0, 0, 197, 1, 1]",
2023-02-01 07:33:00.692,"[31, 2, 2, 0, 8191, 0, 0, 0, 0, 197, 1, 1]",
2023-02-01 07:33:02.685,"[31, 2, 2, 0, 8191, 0, 0, 0, 0, 197, 1, 1]",
2023-02-01 07:33:03.684,"[31, 2, 2, 0, 8191, 0, 0, 0, 0, 197, 1, 1]",
2023-02-01 07:33:04.720,"[31, 2, 2, 0, 8191, 0, 0, 0, 0, 197, 1, 1]",
2023-02-01 07:33:06.688,"[31, 2, 2, 0, 8191, 0, 0, 0, 0, 197, 1, 1]",
2023-02-01 07:33:07.706,"[31, 2, 2, 0, 8191, 0, 0, 0, 0, 197, 1, 1]",
2023-02-01 07:33:09.710,"[31, 2, 2, 0, 8191, 0, 0, 0, 0, 197, 1, 1]",
2023-02-01 07:33:10.741,"[31, 2, 2, 0, 8191, 0, 0, 0, 0, 197, 1, 1]",
2023-02-01 07:33:11.749,"[31, 2, 2, 0, 8191, 0, 0, 0, 0, 197, 1, 1]",
2023-02-01 07:33:12.740,"[31, 2, 2, 0, 8191, 0, 0, 0, 0, 197, 1, 1]",
2023-02-01 07:33:13.764,"[31, 2, 2, 0, 8191, 0, 0, 0, 0, 197, 1, 1]",
2023-02-01 07:33:15.782,"[31, 2, 2, 0, 8191, 0, 0, 0, 0, 197, 1, 1]",
2023-02-01 07:33:16.783,"[31, 2, 2, 0, 8191, 0, 0, 0, 0, 197, 1, 1]",
2023-02-01 07:33:18.774,"[31, 2, 2, 0, 8191, 0, 0, 0, 0, 197, 1, 1]",
2023-02-01 07:33:19.793,"[31, 2, 2, 0, 8191, 0, 0, 0, 0, 197, 1, 1]",
2023-02-01 07:33:20.818,"[31, 2, 2, 0, 8191, 0, 0, 0, 0, 197, 1, 1]",
2023-02-01 07:33:21.828,"[31, 2, 2, 0, 8191, 0, 0, 0, 0, 197, 1, 1]",
2023-02-01 07:33:22.842,"[31, 2, 2, 0, 8191, 0, 0, 0, 0, 197, 1, 1]",
2023-02-01 07:33:51.049,"[24, 2, 2, 2, 543, 2, 0, 0, 1, 197, 1, 1]",
2023-02-01 07:33:53.053,"[24, 2, 2, 2, 487, 2, 0, 0, 1, 197, 1, 1]",
2023-02-01 07:33:57.087,"[24, 2, 2, 2, 374, 2, 0, 0, 1, 197, 1, 1]",
2023-02-01 07:33:59.127,"[24, 2, 2, 2, 318, 2, 0, 0, 1, 197, 1, 1]",
2023-02-01 07:34:19.294,"[24, 2, 2, 2, 4224, 2, 0, 0, 1, 197, 1, 1]",
2023-02-01 07:34:21.302,"[24, 2, 2, 2, 4142, 2, 0, 0, 1, 197, 1, 1]",
2023-02-01 07:34:22.320,"[24, 2, 2, 2, 4142, 2, 0, 0, 1, 197, 1, 1]",
2023-02-01 07:34:23.317,"[24, 2, 2, 2, 4114, 2, 0, 0, 1, 197, 1, 1]",
2023-02-01 07:34:25.316,"[24, 2, 2, 2, 4058, 2, 0, 0, 1, 197, 1, 1]",
2023-02-01 07:34:26.360,"[24, 2, 2, 2, 4030, 2, 0, 0, 1, 197, 1, 1]",
2023-02-01 07:34:28.354,"[24, 2, 2, 2, 3947, 2, 0, 0, 1, 197, 1, 1]",
2023-02-01 07:34:30.355,"[24, 2, 2, 2, 3919, 2, 0, 0, 1, 197, 1, 1]",
2023-02-01 07:34:31.364,"[24, 2, 2, 2, 3892, 2, 0, 0, 1, 197, 1, 1]",
2023-02-01 07:34:32.367,"[24, 2, 2, 2, 3837, 2, 0, 0, 1, 197, 1, 1]",
2023-02-01 07:34:33.402,"[24, 2, 2, 2, 3837, 2, 0, 0, 1, 197, 1, 1]",
2023-02-01 07:34:35.396,"[24, 2, 2, 2, 3754, 2, 0, 0, 1, 197, 1, 1]",
2023-02-01 07:34:36.405,"[24, 2, 2, 2, 3754, 2, 0, 0, 1, 197, 1, 1]",
2023-02-01 07:34:37.421,"[24, 2, 2, 2, 3697, 2, 0, 0, 1, 197, 1, 1]",
2023-02-01 07:34:38.428,"[24, 2, 2, 2, 3697, 2, 0, 0, 1, 197, 1, 1]",
2023-02-01 07:34:40.433,"[24, 2, 2, 2, 3641, 2, 0, 0, 1, 197, 1, 1]",
2023-02-01 07:34:41.448,"[24, 2, 2, 2, 3613, 2, 0, 0, 1, 197, 1, 1]",
2023-02-01 07:34:43.457,"[24, 2, 2, 2, 3556, 2, 0, 0, 1, 197, 1, 1]",
2023-02-01 07:34:44.477,"[24, 2, 2, 2, 3528, 2, 0, 0, 1, 197, 1, 1]",
2023-02-01 07:34:46.484,"[24, 2, 2, 2, 3471, 2, 0, 0, 1, 197, 1, 1]",
2023-02-01 07:34:47.526,"[24, 2, 2, 2, 3442, 2, 0, 0, 1, 197, 1, 1]",
2023-02-01 07:34:49.514,"[24, 2, 2, 2, 3385, 2, 0, 0, 1, 197, 1, 1]",
2023-02-01 07:34:50.538,"[24, 2, 2, 2, 3357, 2, 0, 0, 1, 197, 1, 1]",
2023-02-01 07:34:51.570,"[24, 2, 2, 2, 3328, 2, 0, 0, 1, 197, 1, 1]",
2023-02-01 07:34:53.526,"[24, 2, 2, 2, 3269, 2, 0, 0, 1, 197, 1, 1]",
2023-02-01 07:34:54.551,"[24, 2, 2, 2, 3241, 2, 0, 0, 1, 197, 1, 1]",
2023-02-01 07:34:56.596,"[24, 2, 2, 2, 3184, 2, 0, 0, 1, 197, 1, 1]",
2023-02-01 07:34:58.602,"[24, 2, 2, 2, 3127, 2, 0, 0, 1, 197, 1, 1]",
2023-02-01 07:34:59.613,"[24, 2, 2, 2, 3099, 2, 0, 0, 1, 197, 1, 1]",
2023-02-01 07:35:01.605,"[24, 2, 2, 2, 3043, 2, 0, 0, 1, 197, 1, 1]",
2023-02-01 07:35:03.624,"[24, 2, 2, 2, 2987, 2, 0, 0, 1, 197, 1, 1]",
2023-02-01 07:35:04.636,"[24, 2, 2, 2, 2957, 2, 0, 0, 1, 197, 1, 1]",
2023-02-01 07:35:05.661,"[24, 2, 2, 2, 2929, 2, 0, 0, 1, 197, 1, 1]",
2023-02-01 07:35:06.672,"[24, 2, 2, 2, 2900, 2, 0, 0, 1, 197, 1, 1]",
2023-02-01 07:35:08.664,"[24, 2, 2, 2, 2843, 2, 0, 0, 1, 197, 1, 1]",
2023-02-01 07:35:09.681,"[24, 2, 2, 2, 2814, 2, 0, 0, 1, 197, 1, 1]",
2023-02-01 07:35:11.680,"[24, 2, 2, 2, 2757, 2, 0, 0, 1, 197, 1, 1]",
2023-02-01 07:35:13.687,"[24, 2, 2, 2, 2701, 2, 0, 0, 1, 197, 1, 1]",
2023-02-01 07:35:14.714,"[24, 2, 2, 2, 2673, 2, 0, 0, 1, 197, 1, 1]",
2023-02-01 07:35:16.703,"[24, 2, 2, 2, 2618, 2, 0, 0, 1, 197, 1, 1]",
2023-02-01 07:35:17.720,"[24, 2, 2, 2, 2590, 2, 0, 0, 1, 197, 1, 1]",
2023-02-01 07:35:18.734,"[24, 2, 2, 2, 2563, 2, 0, 0, 1, 197, 1, 1]",
2023-02-01 07:35:19.739,"[24, 2, 2, 2, 2536, 2, 0, 0, 1, 197, 1, 1]",
2023-02-01 07:35:20.750,"[24, 2, 2, 2, 2510, 2, 0, 0, 1, 197, 1, 1]",
2023-02-01 07:35:22.769,"[24, 2, 2, 2, 2458, 2, 0, 0, 1, 197, 1, 1]",
2023-02-01 07:35:23.778,"[24, 2, 2, 2, 2432, 2, 0, 0, 1, 197, 1, 1]",
2023-02-01 07:35:25.796,"[24, 2, 2, 2, 2380, 2, 0, 0, 1, 197, 1, 1]",
2023-02-01 07:35:26.806,"[24, 2, 2, 2, 2351, 2, 0, 0, 1, 197, 1, 1]",
2023-02-01 07:35:27.813,"[24, 2, 2, 2, 2322, 2, 0, 0, 1, 197, 1, 1]",
2023-02-01 07:35:28.858,"[24, 2, 2, 2, 2293, 2, 0, 0, 1, 197, 1, 1]",
2023-02-01 07:35:30.838,"[24, 2, 2, 2, 2232, 2, 0, 0, 1, 197, 1, 1]",
2023-02-01 07:35:31.865,"[24, 2, 2, 2, 2201, 2, 0, 0, 1, 197, 1, 1]",
2023-02-01 07:35:33.873,"[24, 2, 2, 2, 2137, 2, 0, 0, 1, 197, 1, 1]",
2023-02-01 07:35:34.886,"[24, 2, 2, 2, 2106, 2, 0, 0, 1, 197, 1, 1]",
2023-02-01 07:35:36.888,"[24, 2, 2, 2, 2044, 2, 0, 0, 1, 197, 1, 1]",
2023-02-01 07:35:38.911,"[24, 2, 2, 2, 1982, 2, 0, 0, 1, 197, 1, 1]",
2023-02-01 07:35:39.911,"[24, 2, 2, 2, 1952, 2, 0, 0, 1, 197, 1, 1]",
2023-02-01 07:35:40.917,"[24, 2, 2, 2, 1921, 2, 0, 0, 1, 197, 1, 1]",
2023-02-01 07:35:44.938,"[24, 2, 2, 2, 1800, 2, 0, 0, 1, 197, 1, 1]",
2023-02-01 07:35:45.947,"[24, 2, 2, 2, 1768, 2, 0, 0, 1, 197, 1, 1]",
2023-02-01 07:35:46.955,"[24, 2, 2, 2, 1737, 2, 0, 0, 1, 197, 1, 1]",
2023-02-01 07:35:47.964,"[24, 2, 2, 2, 1705, 2, 0, 0, 1, 197, 1, 1]",
2023-02-01 07:35:48.963,"[24, 2, 2, 2, 1674, 2, 0, 0, 1, 197, 1, 1]",
2023-02-01 07:35:50.987,"[24, 2, 2, 2, 1612, 2, 0, 0, 1, 197, 1, 1]",
2023-02-01 07:35:51.993,"[24, 2, 2, 2, 1581, 2, 0, 0, 1, 197, 1, 1]",
2023-02-01 07:35:53.020,"[24, 2, 2, 2, 1550, 2, 0, 0, 1, 197, 1, 1]",
2023-02-01 07:35:55.002,"[24, 2, 2, 2, 1491, 2, 0, 0, 1, 197, 1, 1]",
2023-02-01 07:35:56.041,"[24, 2, 2, 2, 1461, 2, 0, 0, 1, 197, 1, 1]",
2023-02-01 07:35:57.039,"[24, 2, 2, 2, 1432, 2, 0, 0, 1, 197, 1, 1]",
2023-02-01 07:35:59.038,"[24, 2, 2, 2, 1372, 2, 0, 0, 1, 197, 1, 1]",
2023-02-01 07:36:00.045,"[24, 2, 2, 2, 1343, 2, 0, 0, 1, 197, 1, 1]",
2023-02-01 07:36:02.045,"[24, 2, 2, 2, 1285, 2, 0, 0, 1, 197, 1, 1]",
2023-02-01 07:36:03.053,"[24, 2, 2, 2, 1256, 2, 0, 0, 1, 197, 1, 1]",
2023-02-01 07:36:04.077,"[24, 2, 2, 2, 1228, 2, 0, 0, 1, 197, 1, 1]",
2023-02-01 07:36:05.093,"[24, 2, 2, 2, 1200, 2, 0, 0, 1, 197, 1, 1]",
2023-02-01 07:36:07.103,"[24, 2, 2, 2, 1144, 2, 0, 0, 1, 197, 1, 1]",
2023-02-01 07:36:09.119,"[24, 2, 2, 2, 1087, 2, 0, 0, 1, 197, 1, 1]",
2023-02-01 07:36:11.147,"[24, 2, 2, 2, 1031, 2, 0, 0, 1, 197, 1, 1]",
2023-02-01 07:36:14.147,"[24, 2, 2, 2, 947, 2, 0, 0, 1, 197, 1, 1]",
2023-02-01 07:36:16.159,"[24, 2, 2, 2, 891, 2, 0, 0, 1, 197, 1, 1]",
2023-02-01 07:36:17.174,"[24, 2, 2, 2, 863, 2, 0, 0, 1, 197, 1, 1]",
2023-02-01 07:36:18.203,"[24, 2, 2, 2, 835, 2, 0, 0, 1, 197, 1, 1]",
2023-02-01 07:36:20.214,"[24, 2, 2, 2, 781, 2, 0, 0, 1, 197, 1, 1]",
2023-02-01 07:36:21.216,"[24, 2, 2, 2, 754, 2, 0, 0, 1, 197, 1, 1]",
2023-02-01 07:36:22.237,"[24, 2, 2, 2, 727, 2, 0, 0, 1, 197, 1, 1]",
2023-02-01 07:36:23.258,"[24, 2, 2, 2, 700, 2, 0, 0, 1, 197, 1, 1]",
2023-02-01 07:36:25.234,"[24, 2, 2, 2, 646, 2, 0, 0, 1, 197, 1, 1]",
2023-02-01 07:36:26.269,"[24, 2, 2, 2, 619, 2, 0, 0, 1, 197, 1, 1]",
2023-02-01 07:36:29.286,"[24, 2, 2, 2, 538, 2, 0, 0, 1, 197, 1, 1]",
2023-02-01 07:36:30.281,"[24, 2, 2, 2, 511, 2, 0, 0, 1, 197, 1, 1]",
2023-02-01 07:36:31.289,"[24, 2, 2, 2, 483, 2, 0, 0, 1, 197, 1, 1]",
2023-02-01 07:36:32.413,"[24, 2, 2, 2, 456, 2, 0, 0, 1, 197, 1, 1]",
2023-02-01 07:36:33.449,"[24, 2, 2, 2, 430, 2, 0, 0, 1, 197, 1, 1]",
2023-02-01 07:36:35.350,"[24, 2, 2, 2, 376, 2, 0, 0, 1, 197, 1, 1]",
2023-02-01 07:36:36.365,"[24, 2, 2, 2, 348, 2, 0, 0, 1, 197, 1, 1]",
2023-02-01 07:36:37.364,"[24, 2, 2, 2, 320, 2, 0, 0, 1, 197, 1, 1]",
2023-02-01 07:36:39.373,"[24, 2, 2, 2, 265, 2, 0, 0, 1, 197, 1, 1]",
2023-02-01 07:36:40.403,"[24, 2, 2, 2, 237, 2, 0, 0, 1, 197, 1, 1]",
2023-02-01 07:36:41.400,"[24, 2, 2, 2, 208, 2, 0, 0, 1, 197, 1, 1]",
2023-02-01 07:36:45.440,"[24, 2, 2, 2, 96, 2, 0, 0, 1, 197, 1, 1]",
2023-02-01 07:36:51.480,"[31, 2, 2, 0, 8191, 0, 0, 0, 0, 197, 1, 1]",
2023-02-01 07:36:52.499,"[31, 2, 2, 0, 8191, 0, 0, 0, 0, 197, 1, 1]",
2023-02-01 07:36:53.501,"[31, 2, 2, 0, 8191, 0, 0, 0, 0, 197, 1, 1]",
2023-02-01 07:36:54.515,"[31, 2, 2, 0, 8191, 0, 0, 0, 0, 197, 1, 1]",
2023-02-01 07:36:56.506,"[31, 2, 2, 0, 8191, 0, 0, 0, 0, 197, 1, 1]",
2023-02-01 07:36:57.512,"[31, 2, 2, 0, 8191, 0, 0, 0, 0, 197, 1, 1]",
2023-02-01 07:36:59.544,"[31, 2, 2, 0, 8191, 0, 0, 0, 0, 197, 1, 1]",
2023-02-01 07:37:00.544,"[31, 2, 2, 0, 8191, 0, 0, 0, 0, 197, 1, 1]",
2023-02-01 07:37:01.560,"[31, 2, 2, 0, 8191, 0, 0, 0, 0, 197, 1, 1]",
2023-02-01 07:37:03.586,"[31, 2, 2, 0, 8191, 0, 0, 0, 0, 197, 1, 1]",
2023-02-01 07:37:04.577,"[31, 2, 2, 0, 8191, 0, 0, 0, 0, 197, 1, 1]",
2023-02-01 07:37:05.587,"[31, 2, 2, 0, 8191, 0, 0, 0, 0, 197, 1, 1]",
2023-02-01 07:37:06.705,"[31, 2, 2, 0, 8191, 0, 0, 0, 0, 197, 1, 1]",
2023-02-01 07:37:07.715,"[31, 2, 2, 0, 8191, 0, 0, 0, 0, 197, 1, 1]",
2023-02-01 07:37:09.611,"[31, 2, 2, 0, 8191, 0, 0, 0, 0, 197, 1, 1]",
2023-02-01 07:37:10.627,"[31, 2, 2, 0, 8191, 0, 0, 0, 0, 197, 1, 1]",
2023-02-01 07:37:12.626,"[31, 2, 2, 0, 8191, 0, 0, 0, 0, 197, 1, 1]",
2023-02-01 07:37:13.632,"[31, 2, 2, 0, 8191, 0, 0, 0, 0, 197, 1, 1]",
2023-02-01 07:37:14.649,"[31, 2, 2, 0, 8191, 0, 0, 0, 0, 197, 1, 1]",
2023-02-01 07:37:15.670,"[31, 2, 2, 0, 8191, 0, 0, 0, 0, 197, 1, 1]",
2023-02-01 07:37:16.699,"[31, 2, 2, 0, 8191, 0, 0, 0, 0, 197, 1, 1]",
2023-02-01 07:37:18.711,"[31, 2, 2, 0, 8191, 0, 0, 0, 0, 197, 1, 1]",
2023-02-01 07:37:20.725,"[31, 2, 2, 0, 8191, 0, 0, 0, 0, 197, 1, 1]",
2023-02-01 07:37:22.727,"[31, 2, 2, 0, 8191, 0, 0, 0, 0, 197, 1, 1]",
2023-02-01 07:37:23.738,"[31, 2, 2, 0, 8191, 0, 0, 0, 0, 197, 1, 1]",
2023-02-01 07:37:24.766,"[31, 2, 2, 0, 8191, 0, 0, 0, 0, 197, 1, 1]",
2023-02-01 07:37:26.769,"[31, 2, 2, 0, 8191, 0, 0, 0, 0, 197, 1, 1]",
2023-02-01 07:37:28.789,"[31, 2, 2, 0, 8191, 0, 0, 0, 0, 197, 1, 1]",
2023-02-01 07:37:29.796,"[31, 2, 2, 0, 8191, 0, 0, 0, 0, 197, 1, 1]",
2023-02-01 07:37:30.802,"[31, 2, 2, 0, 8191, 0, 0, 0, 0, 197, 1, 1]",
2023-02-01 07:37:31.820,"[31, 2, 2, 0, 8191, 0, 0, 0, 0, 197, 1, 1]",
2023-02-01 07:37:33.822,"[31, 2, 2, 0, 8191, 0, 0, 0, 0, 197, 1, 1]",
2023-02-01 07:37:34.870,"[31, 2, 2, 0, 8191, 0, 0, 0, 0, 197, 1, 1]",
2023-02-01 07:37:36.864,"[31, 2, 2, 0, 8191, 0, 0, 0, 0, 197, 1, 1]",
2023-02-01 07:37:38.873,"[31, 2, 2, 0, 8191, 0, 0, 0, 0, 197, 1, 1]",
2023-02-01 07:37:39.885,"[31, 2, 2, 0, 8191, 0, 0, 0, 0, 197, 1, 1]",
2023-02-01 07:37:41.883,"[31, 2, 2, 0, 8191, 0, 0, 0, 0, 197, 1, 1]",
2023-02-01 07:37:42.899,"[31, 2, 2, 0, 8191, 0, 0, 0, 0, 197, 1, 1]",
2023-02-01 07:37:43.922,"[31, 2, 2, 0, 8191, 0, 0, 0, 0, 197, 1, 1]",
2023-02-01 07:37:44.920,"[31, 2, 2, 0, 8191, 0, 0, 0, 0, 197, 1, 1]",
2023-02-01 07:37:45.937,"[31, 2, 2, 0, 8191, 0, 0, 0, 0, 197, 1, 1]",
2023-02-01 07:37:47.951,"[31, 2, 2, 0, 8191, 0, 0, 0, 0, 197, 1, 1]",
2023-02-01 07:37:49.935,"[31, 2, 2, 0, 8191, 0, 0, 0, 0, 197, 1, 1]",
2023-02-01 07:37:50.954,"[31, 2, 2, 0, 8191, 0, 0, 0, 0, 197, 1, 1]",
2023-02-01 07:37:51.984,"[31, 2, 2, 0, 8191, 0, 0, 0, 0, 197, 1, 1]",
2023-02-01 07:37:53.997,"[31, 2, 2, 0, 8191, 0, 0, 0, 0, 197, 1, 1]",
2023-02-01 07:37:56.013,"[31, 2, 2, 0, 8191, 0, 0, 0, 0, 197, 1, 1]",
2023-02-01 07:37:57.031,"[31, 2, 2, 0, 8191, 0, 0, 0, 0, 197, 1, 1]",
2023-02-01 07:37:59.039,"[31, 2, 2, 0, 8191, 0, 0, 0, 0, 197, 1, 1]",
2023-02-01 07:38:00.042,"[31, 2, 2, 0, 8191, 0, 0, 0, 0, 197, 1, 1]",
2023-02-01 07:38:01.048,"[31, 2, 2, 0, 8191, 0, 0, 0, 0, 197, 1, 1]",
2023-02-01 07:38:03.079,"[24, 2, 2, 2, 6025, 2, 0, 0, 1, 197, 1, 1]",
2023-02-01 07:38:05.074,"[24, 2, 2, 2, 5969, 2, 0, 0, 1, 197, 1, 1]",
2023-02-01 07:38:06.101,"[24, 2, 2, 2, 5941, 2, 0, 0, 1, 197, 1, 1]",
2023-02-01 07:38:08.118,"[24, 2, 2, 2, 5883, 2, 0, 0, 1, 197, 1, 1]",
2023-02-01 07:38:10.126,"[24, 2, 2, 2, 5826, 2, 0, 0, 1, 197, 1, 1]",
2023-02-01 07:38:12.123,"[24, 2, 2, 2, 5769, 2, 0, 0, 1, 197, 1, 1]",
2023-02-01 07:38:14.135,"[24, 2, 2, 2, 5712, 2, 0, 0, 1, 197, 1, 1]",
2023-02-01 07:38:15.138,"[24, 2, 2, 2, 5684, 2, 0, 0, 1, 197, 1, 1]",
2023-02-01 07:38:16.150,"[24, 2, 2, 2, 5627, 2, 0, 0, 1, 197, 1, 1]",
2023-02-01 07:38:17.165,"[24, 2, 2, 2, 5627, 2, 0, 0, 1, 197, 1, 1]",
2023-02-01 07:38:18.179,"[24, 2, 2, 2, 5600, 2, 0, 0, 1, 197, 1, 1]",
2023-02-01 07:38:20.187,"[24, 2, 2, 2, 5542, 2, 0, 0, 1, 197, 1, 1]",
2023-02-01 07:38:21.187,"[24, 2, 2, 2, 5514, 2, 0, 0, 1, 197, 1, 1]",
2023-02-01 07:38:22.191,"[24, 2, 2, 2, 5486, 2, 0, 0, 1, 197, 1, 1]",
2023-02-01 07:38:23.204,"[24, 2, 2, 2, 5457, 2, 0, 0, 1, 197, 1, 1]",
2023-02-01 07:38:24.222,"[24, 2, 2, 2, 5429, 2, 0, 0, 1, 197, 1, 1]",
2023-02-01 07:38:25.235,"[24, 2, 2, 2, 5401, 2, 0, 0, 1, 197, 1, 1]",
2023-02-01 07:38:26.237,"[24, 2, 2, 2, 5372, 2, 0, 0, 1, 197, 1, 1]",
2023-02-01 07:38:27.241,"[24, 2, 2, 2, 5345, 2, 0, 0, 1, 197, 1, 1]",
2023-02-01 07:38:28.261,"[24, 2, 2, 2, 5316, 2, 0, 0, 1, 197, 1, 1]",
2023-02-01 07:38:29.268,"[24, 2, 2, 2, 5287, 2, 0, 0, 1, 197, 1, 1]",
2023-02-01 07:38:31.249,"[24, 2, 2, 2, 5230, 2, 0, 0, 1, 197, 1, 1]",
2023-02-01 07:38:32.287,"[24, 2, 2, 2, 5202, 2, 0, 0, 1, 197, 1, 1]",
2023-02-01 07:38:34.289,"[24, 2, 2, 2, 5144, 2, 0, 0, 1, 197, 1, 1]",
2023-02-01 07:38:36.324,"[24, 2, 2, 2, 5086, 2, 0, 0, 1, 197, 1, 1]",
2023-02-01 07:38:38.339,"[24, 2, 2, 2, 5028, 2, 0, 0, 1, 197, 1, 1]",
2023-02-01 07:38:40.345,"[24, 2, 2, 2, 4971, 2, 0, 0, 1, 197, 1, 1]",
2023-02-01 07:39:08.556,"[24, 2, 2, 2, 1223, 2, 0, 0, 1, 197, 1, 1]",
2023-02-01 07:39:19.616,"[24, 2, 2, 2, 892, 2, 0, 0, 1, 197, 1, 1]",
2023-02-01 07:39:21.643,"[24, 2, 2, 2, 833, 2, 0, 0, 1, 197, 1, 1]",
2023-02-01 07:39:26.702,"[24, 2, 2, 2, 689, 2, 0, 0, 1, 197, 1, 1]",
2023-02-01 07:39:36.769,"[24, 2, 2, 2, 390, 2, 0, 0, 1, 197, 1, 1]",
2023-02-01 07:39:45.833,"[24, 2, 2, 2, 105, 2, 0, 0, 1, 197, 1, 1]",
2023-02-01 07:39:56.934,"[24, 2, 2, 2, 1753, 2, 0, 0, 1, 197, 1, 1]",
2023-02-01 07:40:20.117,"[24, 2, 2, 2, 1104, 2, 0, 0, 1, 197, 1, 1]",
2023-02-01 07:44:24.533,"[20, 2, 2, 0, 8191, 2, 0, 0, 2, 197, 1, 1]",
2023-02-01 07:44:26.561,"[20, 2, 2, 0, 8191, 2, 0, 0, 2, 197, 1, 1]",
2023-02-01 07:44:28.554,"[20, 2, 2, 0, 8191, 2, 0, 0, 2, 197, 1, 1]",
2023-02-01 07:44:30.561,"[20, 2, 2, 0, 8191, 2, 0, 0, 2, 197, 1, 1]",
2023-02-01 07:44:31.597,"[20, 2, 2, 0, 8191, 2, 0, 0, 2, 197, 1, 1]",
2023-02-01 07:44:32.591,"[20, 2, 2, 0, 8191, 2, 0, 0, 2, 197, 1, 1]",
2023-02-01 07:44:34.592,"[20, 2, 2, 0, 8191, 2, 0, 0, 2, 197, 1, 1]",
2023-02-01 07:44:35.620,"[20, 2, 2, 0, 8191, 2, 0, 0, 2, 197, 1, 1]",
2023-02-01 07:44:37.617,"[20, 2, 2, 0, 8191, 2, 0, 0, 2, 197, 1, 1]",
2023-02-01 07:44:38.644,"[20, 2, 2, 0, 8191, 2, 0, 0, 2, 197, 1, 1]",
2023-02-01 07:44:40.628,"[20, 2, 2, 0, 8191, 2, 0, 0, 2, 197, 1, 1]",
2023-02-01 07:44:41.659,"[20, 2, 2, 0, 8191, 2, 0, 0, 2, 197, 1, 1]",
2023-02-01 07:44:42.656,"[20, 2, 2, 0, 8191, 2, 0, 0, 2, 197, 1, 1]",
2023-02-01 07:44:44.666,"[20, 2, 2, 0, 8191, 2, 0, 0, 2, 197, 1, 1]",
2023-02-01 07:44:45.682,"[20, 2, 2, 0, 8191, 2, 0, 0, 2, 197, 1, 1]",
2023-02-01 07:44:46.692,"[20, 2, 2, 0, 8191, 2, 0, 0, 2, 197, 1, 1]",
2023-02-01 07:44:47.698,"[20, 2, 2, 0, 8191, 2, 0, 0, 2, 197, 1, 1]",
2023-02-01 07:44:48.713,"[20, 2, 2, 0, 8191, 2, 0, 0, 2, 197, 1, 1]",
2023-02-01 07:44:49.735,"[20, 2, 2, 0, 8191, 2, 0, 0, 2, 197, 1, 1]",
2023-02-01 07:44:51.822,"[20, 2, 2, 0, 8191, 2, 0, 0, 2, 197, 1, 1]",
2023-02-01 07:44:53.770,"[20, 2, 2, 0, 8191, 2, 0, 0, 2, 197, 1, 1]",
2023-02-01 07:44:55.765,"[20, 2, 2, 0, 8191, 2, 0, 0, 2, 197, 1, 1]",
2023-02-01 07:44:56.786,"[20, 2, 2, 0, 8191, 2, 0, 0, 2, 197, 1, 1]",
2023-02-01 07:44:58.775,"[20, 2, 2, 0, 8191, 2, 0, 0, 2, 197, 1, 1]",
2023-02-01 07:44:59.798,"[20, 2, 2, 0, 8191, 2, 0, 0, 2, 197, 1, 1]",
2023-02-01 07:45:00.826,"[20, 2, 2, 0, 8191, 2, 0, 0, 2, 197, 1, 1]",
2023-02-01 07:45:03.844,"[20, 2, 2, 0, 8191, 2, 0, 0, 2, 197, 1, 1]",
2023-02-01 07:45:05.836,"[20, 2, 2, 0, 8191, 2, 0, 0, 2, 197, 1, 1]",
2023-02-01 07:45:07.851,"[20, 2, 2, 0, 8191, 2, 0, 0, 2, 197, 1, 1]",
2023-02-01 07:45:09.870,"[20, 2, 2, 0, 8191, 2, 0, 0, 2, 197, 1, 1]",
2023-02-01 07:45:11.875,"[20, 2, 2, 0, 8191, 2, 0, 0, 2, 197, 1, 1]",
2023-02-01 07:45:12.890,"[20, 2, 2, 0, 8191, 2, 0, 0, 2, 197, 1, 1]",
2023-02-01 07:45:13.932,"[20, 2, 2, 0, 8191, 2, 0, 0, 2, 197, 1, 1]",
2023-02-01 07:45:15.933,"[20, 2, 2, 0, 8191, 2, 0, 0, 2, 197, 1, 1]",
2023-02-01 07:45:16.924,"[20, 2, 2, 0, 8191, 2, 0, 0, 2, 197, 1, 1]",
2023-02-01 07:45:17.956,"[20, 2, 2, 0, 8191, 2, 0, 0, 2, 197, 1, 1]",
2023-02-01 07:45:19.972,"[20, 2, 2, 0, 8191, 2, 0, 0, 2, 197, 1, 1]",
2023-02-01 07:45:20.984,"[20, 2, 2, 0, 8191, 2, 0, 0, 2, 197, 1, 1]",
2023-02-01 07:45:21.989,"[20, 2, 2, 0, 8191, 2, 0, 0, 2, 197, 1, 1]",
2023-02-01 07:45:23.991,"[20, 2, 2, 0, 8191, 2, 0, 0, 2, 197, 1, 1]",
2023-02-01 07:45:25.033,"[20, 2, 2, 0, 8191, 2, 0, 0, 2, 197, 1, 1]",
2023-02-01 07:45:27.037,"[20, 2, 2, 0, 8191, 2, 0, 0, 2, 197, 1, 1]",
2023-02-01 07:45:28.047,"[20, 2, 2, 0, 8191, 2, 0, 0, 2, 197, 1, 1]",
2023-02-01 07:45:30.017,"[20, 2, 2, 0, 8191, 2, 0, 0, 2, 197, 1, 1]",
2023-02-01 07:45:31.031,"[20, 2, 2, 0, 8191, 2, 0, 0, 2, 197, 1, 1]",
2023-02-01 07:45:32.049,"[20, 2, 2, 0, 8191, 2, 0, 0, 2, 197, 1, 1]",
2023-02-01 07:45:33.053,"[20, 2, 2, 0, 8191, 2, 0, 0, 2, 197, 1, 1]",
2023-02-01 07:45:34.096,"[20, 2, 2, 0, 8191, 2, 0, 0, 2, 197, 1, 1]",
2023-02-01 07:46:56.331,"[20, 2, 2, 0, 8191, 2, 0, 0, 2, 197, 1, 1]",
2023-02-01 07:46:58.337,"[20, 2, 2, 0, 8191, 2, 0, 0, 2, 197, 1, 1]",
2023-02-01 07:47:00.371,"[20, 2, 2, 0, 8191, 2, 0, 0, 2, 197, 1, 1]",
2023-02-01 07:47:02.387,"[20, 2, 2, 0, 8191, 2, 0, 0, 2, 197, 1, 1]",
2023-02-01 07:47:04.369,"[20, 2, 2, 0, 8191, 2, 0, 0, 2, 197, 1, 1]",
2023-02-01 07:47:05.398,"[20, 2, 2, 0, 8191, 2, 0, 0, 2, 197, 1, 1]",
2023-02-01 07:47:07.397,"[20, 2, 2, 0, 8191, 2, 0, 0, 2, 197, 1, 1]",
2023-02-01 07:47:08.411,"[20, 2, 2, 0, 8191, 2, 0, 0, 2, 197, 1, 1]",
2023-02-01 07:47:10.435,"[20, 2, 2, 0, 8191, 2, 0, 0, 2, 197, 1, 1]",
2023-02-01 07:47:11.447,"[20, 2, 2, 0, 8191, 2, 0, 0, 2, 197, 1, 1]",
2023-02-01 07:47:13.461,"[20, 2, 2, 0, 8191, 2, 0, 0, 2, 197, 1, 1]",
2023-02-01 07:47:15.449,"[20, 2, 2, 0, 8191, 2, 0, 0, 2, 197, 1, 1]",
2023-02-01 07:47:16.474,"[20, 2, 2, 0, 8191, 2, 0, 0, 2, 197, 1, 1]",
2023-02-01 07:47:17.489,"[20, 2, 2, 0, 8191, 2, 0, 0, 2, 197, 1, 1]",
2023-02-01 07:47:19.488,"[20, 2, 2, 0, 8191, 2, 0, 0, 2, 197, 1, 1]",
2023-02-01 07:47:20.519,"[20, 2, 2, 0, 8191, 2, 0, 0, 2, 197, 1, 1]",
2023-02-01 07:47:30.506,"[20, 2, 2, 0, 8191, 2, 0, 0, 2, 197, 1, 1]",
2023-02-01 07:47:31.501,"[20, 2, 2, 0, 8191, 2, 0, 0, 2, 197, 1, 1]",
2023-02-01 07:47:32.525,"[20, 2, 2, 0, 8191, 2, 0, 0, 2, 197, 1, 1]",
2023-02-01 07:47:34.555,"[20, 2, 2, 0, 8191, 2, 0, 0, 2, 197, 1, 1]",
2023-02-01 07:47:35.558,"[20, 2, 2, 0, 8191, 2, 0, 0, 2, 197, 1, 1]",
2023-02-01 07:47:37.573,"[20, 2, 2, 0, 8191, 2, 0, 0, 2, 197, 1, 1]",
2023-02-01 07:47:38.567,"[20, 2, 2, 0, 8191, 2, 0, 0, 2, 197, 1, 1]",
2023-02-01 07:47:39.586,"[20, 2, 2, 0, 8191, 2, 0, 0, 2, 197, 1, 1]",
2023-02-01 07:47:40.586,"[20, 2, 2, 0, 8191, 2, 0, 0, 2, 197, 1, 1]",
2023-02-01 07:47:41.618,"[20, 2, 2, 0, 8191, 2, 0, 0, 2, 197, 1, 1]",
2023-02-01 07:47:42.616,"[20, 2, 2, 0, 8191, 2, 0, 0, 2, 197, 1, 1]",
2023-02-01 07:47:43.620,"[20, 2, 2, 0, 8191, 2, 0, 0, 2, 197, 1, 1]",
2023-02-01 07:47:44.639,"[20, 2, 2, 0, 8191, 2, 0, 0, 2, 197, 1, 1]",
2023-02-01 07:47:46.646,"[20, 2, 2, 0, 8191, 2, 0, 0, 2, 197, 1, 1]",
2023-02-01 07:47:48.653,"[20, 2, 2, 0, 8191, 2, 0, 0, 2, 197, 1, 1]",
2023-02-01 07:47:49.664,"[20, 2, 2, 0, 8191, 2, 0, 0, 2, 197, 1, 1]",
2023-02-01 07:47:51.665,"[20, 2, 2, 0, 8191, 2, 0, 0, 2, 197, 1, 1]",
2023-02-01 07:47:52.690,"[20, 2, 2, 0, 8191, 2, 0, 0, 2, 197, 1, 1]",
2023-02-01 07:47:53.723,"[20, 2, 2, 0, 8191, 2, 0, 0, 2, 197, 1, 1]",
2023-02-01 07:47:55.727,"[20, 2, 2, 0, 8191, 2, 0, 0, 2, 197, 1, 1]",
2023-02-01 07:47:56.731,"[20, 2, 2, 0, 8191, 2, 0, 0, 2, 197, 1, 1]",
2023-02-01 07:47:57.752,"[20, 2, 2, 0, 8191, 2, 0, 0, 2, 197, 1, 1]",
2023-02-01 07:47:59.761,"[20, 2, 2, 0, 8191, 2, 0, 0, 2, 197, 1, 1]",
2023-02-01 07:48:01.786,"[20, 2, 2, 0, 8191, 2, 0, 0, 2, 197, 1, 1]",
2023-02-01 07:48:03.804,"[20, 2, 2, 0, 8191, 2, 0, 0, 2, 197, 1, 1]",
2023-02-01 07:48:05.794,"[20, 2, 2, 0, 8191, 2, 0, 0, 2, 197, 1, 1]",
2023-02-01 07:48:06.821,"[20, 2, 2, 0, 8191, 2, 0, 0, 2, 197, 1, 1]",
2023-02-01 07:48:07.830,"[20, 2, 2, 0, 8191, 2, 0, 0, 2, 197, 1, 1]",
2023-02-01 07:48:09.866,"[20, 2, 2, 0, 8191, 2, 0, 0, 2, 197, 1, 1]",
2023-02-01 07:48:11.858,"[20, 2, 2, 0, 8191, 2, 0, 0, 2, 197, 1, 1]",
2023-02-01 07:48:12.864,"[20, 2, 2, 0, 8191, 2, 0, 0, 2, 197, 1, 1]",
2023-02-01 07:48:13.879,"[20, 2, 2, 0, 8191, 2, 0, 0, 2, 197, 1, 1]",
2023-02-01 07:48:15.875,"[20, 2, 2, 0, 8191, 2, 0, 0, 2, 197, 1, 1]",
2023-02-01 07:48:16.901,"[20, 2, 2, 0, 8191, 2, 0, 0, 2, 197, 1, 1]",
2023-02-01 07:48:18.935,"[20, 2, 2, 0, 8191, 2, 0, 0, 2, 197, 1, 1]",
2023-02-01 07:48:20.935,"[20, 2, 2, 0, 8191, 2, 0, 0, 2, 197, 1, 1]",
2023-02-01 07:48:22.936,"[20, 2, 2, 0, 8191, 2, 0, 0, 2, 197, 1, 1]",
2023-02-01 07:48:23.952,"[20, 2, 2, 0, 8191, 2, 0, 0, 2, 197, 1, 1]",
2023-02-01 07:48:24.962,"[20, 2, 2, 0, 8191, 2, 0, 0, 2, 197, 1, 1]",
2023-02-01 07:48:25.968,"[20, 2, 2, 0, 8191, 2, 0, 0, 2, 197, 1, 1]",
2023-02-01 07:48:26.992,"[20, 2, 2, 0, 8191, 2, 0, 0, 2, 197, 1, 1]",
2023-02-01 07:48:28.992,"[20, 2, 2, 0, 8191, 2, 0, 0, 2, 197, 1, 1]",
2023-02-01 07:48:30.038,"[20, 2, 2, 0, 8191, 2, 0, 0, 2, 197, 1, 1]",
2023-02-01 07:48:32.053,"[20, 2, 2, 0, 8191, 2, 0, 0, 2, 197, 1, 1]",
2023-02-01 07:48:33.056,"[20, 2, 2, 0, 8191, 2, 0, 0, 2, 197, 1, 1]",
2023-02-01 07:48:35.064,"[20, 2, 2, 0, 8191, 2, 0, 0, 2, 197, 1, 1]",
2023-02-01 07:48:36.067,"[20, 2, 2, 0, 8191, 2, 0, 0, 2, 197, 1, 1]",
2023-02-01 07:48:37.078,"[20, 2, 2, 0, 8191, 2, 0, 0, 2, 197, 1, 1]",
2023-02-01 07:48:38.097,"[20, 2, 2, 0, 8191, 2, 0, 0, 2, 197, 1, 1]",
2023-02-01 07:48:40.099,"[20, 2, 2, 0, 8191, 2, 0, 0, 2, 197, 1, 1]",
2023-02-01 07:48:41.120,"[20, 2, 2, 0, 8191, 2, 0, 0, 2, 197, 1, 1]",
2023-02-01 07:49:16.368,"[20, 2, 2, 0, 8191, 2, 0, 0, 2, 197, 1, 1]",
2023-02-01 07:49:17.384,"[20, 2, 2, 0, 8191, 2, 0, 0, 2, 197, 1, 1]",
2023-02-01 07:49:18.395,"[20, 2, 2, 0, 8191, 2, 0, 0, 2, 197, 1, 1]",
2023-02-01 07:49:20.397,"[20, 2, 2, 0, 8191, 2, 0, 0, 2, 197, 1, 1]",
2023-02-01 07:49:21.424,"[20, 2, 2, 0, 8191, 2, 0, 0, 2, 197, 1, 1]",
2023-02-01 07:49:22.443,"[20, 2, 2, 0, 8191, 2, 0, 0, 2, 197, 1, 1]",
2023-02-01 07:49:23.464,"[20, 2, 2, 0, 8191, 2, 0, 0, 2, 197, 1, 1]",
2023-02-01 07:49:25.472,"[20, 2, 2, 0, 8191, 2, 0, 0, 2, 197, 1, 1]",
2023-02-01 07:49:27.478,"[20, 2, 2, 0, 8191, 2, 0, 0, 2, 197, 1, 1]",
2023-02-01 07:49:29.465,"[20, 2, 2, 0, 8191, 2, 0, 0, 2, 197, 1, 1]",
2023-02-01 07:49:30.478,"[20, 2, 2, 0, 8191, 2, 0, 0, 2, 197, 1, 1]",
2023-02-01 07:49:31.522,"[20, 2, 2, 0, 8191, 2, 0, 0, 2, 197, 1, 1]",
2023-02-01 07:49:33.516,"[20, 2, 2, 0, 8191, 2, 0, 0, 2, 197, 1, 1]",
2023-02-01 07:49:34.532,"[20, 2, 2, 0, 8191, 2, 0, 0, 2, 197, 1, 1]",
2023-02-01 07:49:36.523,"[20, 2, 2, 0, 8191, 2, 0, 0, 2, 197, 1, 1]",
2023-02-01 07:49:37.543,"[20, 2, 2, 0, 8191, 2, 0, 0, 2, 197, 1, 1]",
2023-02-01 07:49:38.588,"[20, 2, 2, 0, 8191, 2, 0, 0, 2, 197, 1, 1]",
2023-02-01 07:49:40.562,"[20, 2, 2, 0, 8191, 2, 0, 0, 2, 197, 1, 1]",
2023-02-01 07:49:41.590,"[20, 2, 2, 0, 8191, 2, 0, 0, 2, 197, 1, 1]",
2023-02-01 07:49:43.580,"[20, 2, 2, 0, 8191, 2, 0, 0, 2, 197, 1, 1]",
2023-02-01 07:49:44.606,"[20, 2, 2, 0, 8191, 2, 0, 0, 2, 197, 1, 1]",
2023-02-01 07:49:46.619,"[20, 2, 2, 0, 8191, 2, 0, 0, 2, 197, 1, 1]",
2023-02-01 07:49:48.637,"[20, 2, 2, 0, 8191, 2, 0, 0, 2, 197, 1, 1]",
2023-02-01 07:49:50.626,"[20, 2, 2, 0, 8191, 2, 0, 0, 2, 197, 1, 1]",
2023-02-01 07:49:51.638,"[20, 2, 2, 0, 8191, 2, 0, 0, 2, 197, 1, 1]",
2023-02-01 07:49:52.653,"[20, 2, 2, 0, 8191, 2, 0, 0, 2, 197, 1, 1]",
2023-02-01 07:49:54.669,"[20, 2, 2, 0, 8191, 2, 0, 0, 2, 197, 1, 1]",
2023-02-01 07:49:55.682,"[20, 2, 2, 0, 8191, 2, 0, 0, 2, 197, 1, 1]",
2023-02-01 07:49:56.722,"[20, 2, 2, 0, 8191, 2, 0, 0, 2, 197, 1, 1]",
2023-02-01 07:49:58.691,"[20, 2, 2, 0, 8191, 2, 0, 0, 2, 197, 1, 1]",
2023-02-01 07:49:59.702,"[20, 2, 2, 0, 8191, 2, 0, 0, 2, 197, 1, 1]",
2023-02-01 07:50:00.714,"[20, 2, 2, 0, 8191, 2, 0, 0, 2, 197, 1, 1]",
2023-02-01 07:50:01.730,"[20, 2, 2, 0, 8191, 2, 0, 0, 2, 197, 1, 1]",
2023-02-01 07:50:02.732,"[20, 2, 2, 0, 8191, 2, 0, 0, 2, 197, 1, 1]",
2023-02-01 07:50:03.760,"[20, 2, 2, 0, 8191, 2, 0, 0, 2, 197, 1, 1]",
2023-02-01 07:50:04.767,"[20, 2, 2, 0, 8191, 2, 0, 0, 2, 197, 1, 1]",
2023-02-01 07:50:05.783,"[20, 2, 2, 0, 8191, 2, 0, 0, 2, 197, 1, 1]",
2023-02-01 07:50:06.804,"[20, 2, 2, 0, 8191, 2, 0, 0, 2, 197, 1, 1]",
2023-02-01 07:50:08.801,"[20, 2, 2, 0, 8191, 2, 0, 0, 2, 197, 1, 1]",
2023-02-01 07:50:09.805,"[20, 2, 2, 0, 8191, 2, 0, 0, 2, 197, 1, 1]",
2023-02-01 07:50:11.818,"[20, 2, 2, 0, 8191, 2, 0, 0, 2, 197, 1, 1]",
2023-02-01 07:50:12.837,"[20, 2, 2, 0, 8191, 2, 0, 0, 2, 197, 1, 1]",
2023-02-01 07:50:13.852,"[20, 2, 2, 0, 8191, 2, 0, 0, 2, 197, 1, 1]",
2023-02-01 07:50:15.853,"[20, 2, 2, 0, 8191, 2, 0, 0, 2, 197, 1, 1]",
2023-02-01 07:50:16.883,"[20, 2, 2, 0, 8191, 2, 0, 0, 2, 197, 1, 1]",
2023-02-01 07:50:18.893,"[20, 2, 2, 0, 8191, 2, 0, 0, 2, 197, 1, 1]",
2023-02-01 07:50:19.893,"[20, 2, 2, 0, 8191, 2, 0, 0, 2, 197, 1, 1]",
2023-02-01 07:50:20.929,"[20, 2, 2, 0, 8191, 2, 0, 0, 2, 197, 1, 1]",
2023-02-01 07:50:21.924,"[20, 2, 2, 0, 8191, 2, 0, 0, 2, 197, 1, 1]",
2023-02-01 07:50:23.923,"[20, 2, 2, 0, 8191, 2, 0, 0, 2, 197, 1, 1]",
